gameid,date,game,teamname,side,result,gamelength,ckpm,golddiffat15,xpdiffat15,csdiffat15,firstblood,firstdragon,firstherald,firstbaron,firsttower,firstmidtower,firsttothreetowers,kills,deaths,assists,wpm,wcpm,vspm,dragons,elementaldrakes,elders
LOLTMNT03_337058,2026-01-14 08:13:43,1,DN SOOPers,Blue,1,1888,0.8581,514.0,1888.0,57.0,1.0,1.0,1.0,1.0,1.0,1.0,1.0,19,8,42,3.7818,2.1928,11.1547,4.0,4.0,0.0
LOLTMNT03_337058,2026-01-14 08:13:43,1,KT Rolster,Red,0,1888,0.8581,-514.0,-1888.0,-57.0,0.0,0.0,0.0,0.0,0.0,0.0,0.0,8,19,20,3.8771,1.6843,9.9788,0.0,0.0,0.0
LOLTMNT03_337069,2026-01-14 09:06:16,2,DN SOOPers,Blue,0,1650,0.5091,-1720.0,-456.0,-4.0,0.0,0.0,1.0,0.0,0.0,0.0,0.0,0,14,0,3.5273,1.6,9.3091,0.0,0.0,0.0
LOLTMNT03_337069,2026-01-14 09:06:16,2,KT Rolster,Red,1,1650,0.5091,1720.0,456.0,4.0,1.0,1.0,0.0,1.0,1.0,1.0,1.0,14,0,36,3.4909,1.6,9.4909,4.0,4.0,0.0
LOLTMNT03_337081,2026-01-14 09:54:54,3,KT Rolster,Blue,1,2197,0.8466,562.0,-717.0,28.0,1.0,1.0,1.0,0.0,1.0,1.0,1.0,17,14,41,3.4957,2.4306,11.5521,4.0,4.0,0.0
LOLTMNT03_337081,2026-01-14 09:54:54,3,DN SOOPers,Red,0,2197,0.8466,-562.0,717.0,-28.0,0.0,0.0,0.0,0.0,0.0,0.0,0.0,14,17,36,4.3696,1.5567,10.1047,1.0,1.0,0.0
LOLTMNT03_337109,2026-01-14 11:22:18,1,Dplus Kia,Blue,1,1699,1.0241,4255.0,3108.0,63.0,1.0,1.0,1.0,1.0,1.0,1.0,1.0,22,7,47,3.5668,1.6598,9.8175,3.0,3.0,0.0
LOLTMNT03_337109,2026-01-14 11:22:18,1,HANJIN BRION,Red,0,1699,1.0241,-4255.0,-3108.0,-63.0,0.0,0.0,0.0,0.0,0.0,0.0,0.0,7,22,17,3.7434,1.4126,8.4756,0.0,0.0,0.0
LOLTMNT03_336084,2026-01-14 12:11:18,2,Dplus Kia,Blue,1,1530,1.3333,5438.0,5109.0,69.0,1.0,1.0,1.0,1.0,1.0,1.0,1.0,27,7,52,3.5686,1.6078,10.1961,2.0,2.0,0.0
LOLTMNT03_336084,2026-01-14 12:11:18,2,HANJIN BRION,Red,0,1530,1.3333,-5438.0,-5109.0,-69.0,0.0,0.0,0.0,0.0,0.0,0.0,0.0,7,27,13,3.6078,1.1373,9.0196,0.0,0.0,0.0
LOLTMNT03_336244,2026-01-15 08:05:23,1,Kiwoom DRX,Blue,0,1783,0.774,369.0,463.0,13.0,1.0,1.0,0.0,1.0,0.0,0.0,0.0,7,16,14,3.2978,1.2787,9.1195,2.0,2.0,0.0
LOLTMNT03_336244,2026-01-15 08:05:23,1,Gen.G,Red,1,1783,0.774,-369.0,-463.0,-13.0,0.0,0.0,1.0,0.0,1.0,1.0,1.0,16,7,35,3.4661,1.7835,10.4992,2.0,2.0,0.0
LOLTMNT03_336246,2026-01-15 08:56:47,2,Gen.G,Blue,1,1469,1.5929,5562.0,3494.0,73.0,1.0,1.0,1.0,1.0,1.0,1.0,1.0,34,5,54,3.7985,1.4704,10.4152,3.0,3.0,0.0
LOLTMNT03_336246,2026-01-15 08:56:47,2,Kiwoom DRX,Red,0,1469,1.5929,-5562.0,-3494.0,-73.0,0.0,0.0,0.0,0.0,0.0,0.0,0.0,5,34,10,3.1042,0.9394,7.4745,0.0,0.0,0.0
LOLTMNT03_337298,2026-01-15 10:15:24,1,Nongshim RedForce,Blue,0,2071,1.1299,78.0,1016.0,29.0,0.0,0.0,1.0,0.0,1.0,0.0,0.0,13,26,32,3.9981,1.5934,10.3428,2.0,2.0,0.0
LOLTMNT03_337298,2026-01-15 10:15:24,1,BNK FEARX,Red,1,2071,1.1299,-78.0,-1016.0,-29.0,1.0,1.0,0.0,1.0,0.0,1.0,1.0,26,13,67,3.6794,1.6514,10.14,3.0,3.0,0.0
LOLTMNT03_337304,2026-01-15 11:14:42,2,BNK FEARX,Blue,1,1732,1.0393,1243.0,761.0,28.0,0.0,1.0,1.0,1.0,1.0,1.0,1.0,19,11,33,4.157,1.5935,10.8776,2.0,2.0,0.0
LOLTMNT03_337304,2026-01-15 11:14:42,2,Nongshim RedForce,Red,0,1732,1.0393,-1243.0,-761.0,-28.0,1.0,0.0,0.0,0.0,0.0,0.0,0.0,11,19,20,3.6374,1.7321,9.6651,1.0,1.0,0.0
LOLTMNT03_336495,2026-01-16 08:05:40,1,Dplus Kia,Blue,1,1505,0.7973,559.0,1242.0,34.0,0.0,1.0,1.0,0.0,1.0,1.0,1.0,17,3,47,2.99,1.5947,9.1694,2.0,2.0,0.0
LOLTMNT03_336495,2026-01-16 08:05:40,1,DN SOOPers,Red,0,1505,0.7973,-559.0,-1242.0,-34.0,1.0,0.0,0.0,0.0,0.0,0.0,0.0,3,17,5,3.1495,1.0365,7.7342,2.0,2.0,0.0
LOLTMNT03_336502,2026-01-16 08:53:11,2,Dplus Kia,Blue,1,1536,0.8203,1003.0,1658.0,85.0,1.0,0.0,1.0,1.0,1.0,1.0,1.0,15,6,34,3.125,1.5625,8.8672,1.0,1.0,0.0
LOLTMNT03_336502,2026-01-16 08:53:11,2,DN SOOPers,Red,0,1536,0.8203,-1003.0,-1658.0,-85.0,0.0,1.0,0.0,0.0,0.0,0.0,0.0,6,15,15,3.3203,1.4844,8.7109,1.0,1.0,0.0
LOLTMNT03_337590,2026-01-16 10:08:16,1,T1,Blue,0,2205,0.7891,1320.0,1448.0,4.0,0.0,0.0,1.0,0.0,1.0,0.0,1.0,13,16,24,3.7007,1.6327,9.7687,1.0,1.0,0.0
LOLTMNT03_337590,2026-01-16 10:08:16,1,Hanwha Life Esports,Red,1,2205,0.7891,-1320.0,-1448.0,-4.0,1.0,1.0,0.0,1.0,0.0,1.0,0.0,16,13,41,4.0,1.5782,10.6395,5.0,4.0,1.0
LOLTMNT03_336511,2026-01-16 11:07:37,2,Hanwha Life Esports,Blue,0,1603,1.048,-1892.0,-1737.0,3.0,0.0,0.0,0.0,0.0,0.0,0.0,0.0,6,22,11,3.743,1.1978,9.058,0.0,0.0,0.0
LOLTMNT03_336511,2026-01-16 11:07:37,2,T1,Red,1,1603,1.048,1892.0,1737.0,-3.0,1.0,1.0,1.0,1.0,1.0,1.0,1.0,22,6,44,3.6307,1.8715,9.4697,4.0,4.0,0.0
LOLTMNT03_337603,2026-01-16 11:56:34,3,T1,Blue,1,1700,1.4471,4458.0,3768.0,19.0,1.0,0.0,1.0,1.0,1.0,1.0,1.0,32,9,81,3.5647,1.3059,8.3647,3.0,3.0,0.0
LOLTMNT03_337603,2026-01-16 11:56:34,3,Hanwha Life Esports,Red,0,1700,1.4471,-4458.0,-3768.0,-19.0,0.0,1.0,0.0,0.0,0.0,0.0,0.0,9,32,26,3.1059,1.2353,7.6588,1.0,1.0,0.0
LOLTMNT03_336667,2026-01-17 08:05:53,1,BNK FEARX,Blue,1,1913,0.9409,-2917.0,-3633.0,-28.0,0.0,0.0,0.0,1.0,1.0,1.0,1.0,17,13,47,4.5792,1.8191,11.3539,1.0,1.0,0.0
LOLTMNT03_336667,2026-01-17 08:05:53,1,HANJIN BRION,Red,0,1913,0.9409,2917.0,3633.0,28.0,1.0,1.0,0.0,0.0,0.0,0.0,0.0,13,17,25,4.2028,2.1955,12.2948,3.0,3.0,0.0
LOLTMNT03_337754,2026-01-17 09:01:27,2,BNK FEARX,Blue,0,1506,1.1952,335.0,-470.0,-21.0,1.0,0.0,1.0,0.0,0.0,1.0,0.0,10,20,25,3.7052,1.3944,9.4422,0.0,0.0,0.0
LOLTMNT03_337754,2026-01-17 09:01:27,2,HANJIN BRION,Red,1,1506,1.1952,-335.0,470.0,21.0,0.0,1.0,0.0,1.0,1.0,0.0,1.0,20,10,55,3.9442,1.7131,10.1992,3.0,3.0,0.0
LOLTMNT03_337756,2026-01-17 09:47:06,3,HANJIN BRION,Blue,0,2187,0.823,1001.0,520.0,6.0,0.0,1.0,1.0,1.0,1.0,1.0,0.0,12,18,26,4.225,2.1399,11.989,1.0,1.0,0.0
LOLTMNT03_337756,2026-01-17 09:47:06,3,BNK FEARX,Red,1,2187,0.823,-1001.0,-520.0,-6.0,1.0,0.0,0.0,0.0,0.0,0.0,1.0,18,12,43,4.1975,1.9204,10.6996,3.0,3.0,0.0
LOLTMNT03_336695,2026-01-17 11:10:45,1,KT Rolster,Blue,0,1872,0.9295,-3163.0,-1832.0,-30.0,0.0,0.0,0.0,0.0,0.0,1.0,0.0,7,22,17,3.5577,1.2821,9.1987,0.0,0.0,0.0
LOLTMNT03_336695,2026-01-17 11:10:45,1,Gen.G,Red,1,1872,0.9295,3163.0,1832.0,30.0,1.0,1.0,1.0,1.0,1.0,0.0,1.0,22,7,58,3.6538,1.7308,10.5769,5.0,4.0,1.0
LOLTMNT03_337782,2026-01-17 12:05:01,2,Gen.G,Blue,1,1682,1.2485,2891.0,2467.0,-2.0,0.0,1.0,1.0,1.0,1.0,1.0,1.0,27,9,70,4.0666,1.6409,10.1665,4.0,4.0,0.0
LOLTMNT03_337782,2026-01-17 12:05:01,2,KT Rolster,Red,0,1682,1.2485,-2891.0,-2467.0,2.0,1.0,0.0,0.0,0.0,0.0,0.0,0.0,8,27,10,3.3532,1.2842,8.8109,0.0,0.0,0.0
LOLTMNT03_336834,2026-01-18 08:05:24,1,Hanwha Life Esports,Blue,0,1856,1.1638,2655.0,2862.0,37.0,1.0,0.0,0.0,0.0,0.0,0.0,0.0,19,17,43,3.4591,1.7457,10.4095,3.0,3.0,0.0
LOLTMNT03_336834,2026-01-18 08:05:24,1,Nongshim RedForce,Red,1,1856,1.1638,-2655.0,-2862.0,-37.0,0.0,1.0,1.0,0.0,1.0,1.0,1.0,17,19,39,3.2328,1.6164,8.6638,2.0,2.0,0.0
LOLTMNT03_336842,2026-01-18 08:58:36,2,Nongshim RedForce,Blue,1,2071,1.1009,1067.0,770.0,-14.0,0.0,0.0,0.0,1.0,1.0,1.0,1.0,24,14,65,3.9981,2.3177,11.9073,3.0,3.0,0.0
LOLTMNT03_336842,2026-01-18 08:58:36,2,Hanwha Life Esports,Red,0,2071,1.1009,-1067.0,-770.0,14.0,1.0,1.0,1.0,0.0,0.0,0.0,0.0,14,24,26,3.9112,1.4196,9.7344,2.0,2.0,0.0
LOLTMNT03_337890,2026-01-18 10:20:18,1,T1,Blue,1,1766,1.4609,4244.0,2706.0,33.0,0.0,0.0,0.0,1.0,1.0,0.0,1.0,26,18,42,3.7373,1.2911,9.2752,2.0,2.0,0.0
LOLTMNT03_337890,2026-01-18 10:20:18,1,Kiwoom DRX,Red,0,1766,1.4609,-4244.0,-2706.0,-33.0,1.0,1.0,1.0,0.0,0.0,1.0,0.0,17,26,40,3.6693,1.2231,9.6829,2.0,2.0,0.0
LOLTMNT03_337894,2026-01-18 11:12:18,2,T1,Blue,0,1832,1.048,90.0,457.0,-5.0,0.0,0.0,0.0,1.0,1.0,0.0,0.0,10,22,25,3.7336,0.9498,8.3843,0.0,0.0,0.0
LOLTMNT03_337894,2026-01-18 11:12:18,2,Kiwoom DRX,Red,1,1832,1.048,-90.0,-457.0,5.0,1.0,1.0,1.0,0.0,0.0,1.0,1.0,22,10,53,3.0786,1.3428,9.1048,5.0,4.0,1.0
LOLTMNT03_336867,2026-01-18 12:05:41,3,Kiwoom DRX,Blue,0,2102,1.2559,-536.0,-571.0,-12.0,1.0,0.0,1.0,0.0,0.0,1.0,0.0,15,29,32,3.3397,1.1703,8.5347,2.0,2.0,0.0
LOLTMNT03_336867,2026-01-18 12:05:41,3,T1,Red,1,2102,1.2559,536.0,571.0,12.0,0.0,1.0,0.0,1.0,1.0,0.0,1.0,29,15,67,3.568,1.4558,9.9334,3.0,3.0,0.0
LOLTMNT03_338494,2026-01-21 08:05:24,1,Dplus Kia,Blue,1,2306,0.7546,-843.0,-397.0,-9.0,1.0,0.0,0.0,1.0,0.0,0.0,0.0,20,9,47,4.4493,1.6392,10.954,2.0,2.0,0.0
LOLTMNT03_338494,2026-01-21 08:05:24,1,Nongshim RedForce,Red,0,2306,0.7546,843.0,397.0,9.0,0.0,1.0,1.0,0.0,1.0,1.0,1.0,9,20,21,3.7467,1.9514,11.1362,3.0,3.0,0.0
LOLTMNT03_339373,2026-01-21 09:07:05,2,Dplus Kia,Blue,0,1436,1.2117,-1702.0,-1556.0,1.0,0.0,0.0,1.0,0.0,0.0,0.0,0.0,8,21,17,3.8022,1.2117,9.1504,1.0,1.0,0.0
LOLTMNT03_339373,2026-01-21 09:07:05,2,Nongshim RedForce,Red,1,1436,1.2117,1702.0,1556.0,-1.0,1.0,1.0,0.0,1.0,1.0,1.0,1.0,21,8,33,3.8858,1.9638,10.4039,2.0,2.0,0.0
LOLTMNT03_338498,2026-01-21 09:52:46,3,Dplus Kia,Blue,1,1626,1.4022,2017.0,1499.0,-32.0,0.0,0.0,0.0,1.0,1.0,1.0,1.0,30,8,60,3.1734,0.9963,7.6015,3.0,3.0,0.0
LOLTMNT03_338498,2026-01-21 09:52:46,3,Nongshim RedForce,Red,0,1626,1.4022,-2017.0,-1499.0,32.0,1.0,1.0,1.0,0.0,0.0,0.0,0.0,8,30,11,2.6199,1.4391,8.3764,1.0,1.0,0.0
LOLTMNT03_338517,2026-01-21 11:14:52,1,DN SOOPers,Blue,0,1880,0.6383,-1996.0,-2221.0,-2.0,0.0,0.0,0.0,0.0,0.0,0.0,0.0,2,18,6,3.6702,1.3085,9.3191,0.0,0.0,0.0
LOLTMNT03_338517,2026-01-21 11:14:52,1,Kiwoom DRX,Red,1,1880,0.6383,1996.0,2221.0,2.0,1.0,1.0,1.0,1.0,1.0,1.0,1.0,18,2,42,3.3191,1.5319,10.3404,4.0,4.0,0.0
LOLTMNT03_338532,2026-01-21 12:06:46,2,Kiwoom DRX,Blue,0,1943,0.9573,-1470.0,-1002.0,-4.0,1.0,0.0,1.0,0.0,0.0,1.0,1.0,9,22,21,3.6438,1.4205,9.8816,0.0,0.0,0.0
LOLTMNT03_338532,2026-01-21 12:06:46,2,DN SOOPers,Red,1,1943,0.9573,1470.0,1002.0,4.0,0.0,1.0,0.0,1.0,1.0,0.0,0.0,22,9,44,4.1997,1.4514,11.3639,4.0,4.0,0.0
LOLTMNT03_338544,2026-01-21 13:00:21,3,DN SOOPers,Blue,1,2003,1.1083,760.0,532.0,67.0,1.0,1.0,0.0,1.0,1.0,1.0,1.0,21,16,53,3.325,1.1682,9.4059,2.0,2.0,0.0
LOLTMNT03_338544,2026-01-21 13:00:21,3,Kiwoom DRX,Red,0,2003,1.1083,-760.0,-532.0,-67.0,0.0,0.0,1.0,0.0,0.0,0.0,0.0,16,21,26,3.4149,1.4079,8.9865,2.0,2.0,0.0
LOLTMNT03_339583,2026-01-22 08:05:25,1,Hanwha Life Esports,Blue,1,2219,1.0816,2088.0,1231.0,49.0,1.0,1.0,1.0,0.0,1.0,1.0,1.0,22,18,61,4.2181,2.2713,11.9513,4.0,4.0,0.0
LOLTMNT03_339583,2026-01-22 08:05:25,1,HANJIN BRION,Red,0,2219,1.0816,-2088.0,-1231.0,-49.0,0.0,0.0,0.0,1.0,0.0,0.0,0.0,18,22,47,3.8396,1.6494,9.68,1.0,1.0,0.0
LOLTMNT03_339592,2026-01-22 09:06:13,2,Hanwha Life Esports,Blue,0,2088,0.9195,-2865.0,-2415.0,-24.0,1.0,0.0,0.0,0.0,0.0,0.0,0.0,12,20,24,3.7356,1.9253,10.5747,1.0,1.0,0.0
LOLTMNT03_339592,2026-01-22 09:06:13,2,HANJIN BRION,Red,1,2088,0.9195,2865.0,2415.0,24.0,0.0,1.0,1.0,1.0,1.0,1.0,1.0,20,12,41,4.5977,1.6667,11.3793,4.0,4.0,0.0
LOLTMNT03_339605,2026-01-22 10:02:22,3,HANJIN BRION,Blue,0,1739,0.552,-1487.0,-1098.0,-31.0,0.0,0.0,0.0,0.0,0.0,0.0,0.0,4,12,7,4.1058,1.8976,10.6613,0.0,0.0,0.0
LOLTMNT03_339605,2026-01-22 10:02:22,3,Hanwha Life Esports,Red,1,1739,0.552,1487.0,1098.0,31.0,1.0,1.0,1.0,1.0,1.0,1.0,1.0,12,4,36,4.0368,2.3462,12.835,4.0,4.0,0.0
LOLTMNT03_339627,2026-01-22 11:14:53,1,Gen.G,Blue,1,2075,1.1566,-2117.0,-3150.0,-19.0,0.0,1.0,1.0,1.0,1.0,1.0,0.0,18,22,45,3.5855,1.6771,10.294,2.0,2.0,0.0
LOLTMNT03_339627,2026-01-22 11:14:53,1,BNK FEARX,Red,0,2075,1.1566,2117.0,3150.0,19.0,1.0,0.0,0.0,0.0,0.0,0.0,1.0,22,18,40,4.106,1.2723,9.5422,3.0,3.0,0.0
LOLTMNT03_340003,2026-01-22 12:11:59,2,Gen.G,Blue,1,1916,1.0334,-1148.0,-1171.0,-13.0,1.0,0.0,1.0,1.0,0.0,0.0,0.0,23,10,49,4.2276,2.0042,11.5553,3.0,3.0,0.0
LOLTMNT03_340003,2026-01-22 12:11:59,2,BNK FEARX,Red,0,1916,1.0334,1148.0,1171.0,13.0,0.0,1.0,0.0,0.0,1.0,1.0,1.0,10,23,19,4.1962,1.5031,10.334,2.0,2.0,0.0
LOLTMNT03_341143,2026-01-23 08:04:55,1,T1,Blue,1,1849,0.6814,1942.0,2127.0,21.0,1.0,1.0,0.0,1.0,1.0,1.0,1.0,16,5,35,3.8615,2.1092,11.0979,4.0,4.0,0.0
LOLTMNT03_341143,2026-01-23 08:04:55,1,KT Rolster,Red,0,1849,0.6814,-1942.0,-2127.0,-21.0,0.0,0.0,1.0,0.0,0.0,0.0,0.0,5,16,12,4.1536,1.6874,10.1568,0.0,0.0,0.0
LOLTMNT03_341150,2026-01-23 09:00:11,2,T1,Blue,1,2796,0.5794,-317.0,153.0,50.0,0.0,0.0,0.0,0.0,1.0,0.0,0.0,9,18,21,3.5193,1.3948,8.7983,2.0,1.0,1.0
LOLTMNT03_341150,2026-01-23 09:00:11,2,KT Rolster,Red,0,2796,0.5794,317.0,-153.0,-50.0,1.0,1.0,1.0,1.0,0.0,1.0,1.0,18,10,40,3.0043,1.8026,9.5064,5.0,4.0,1.0
LOLTMNT03_340138,2026-01-23 10:33:19,1,Kiwoom DRX,Blue,1,1806,1.3953,-4528.0,-3179.0,-28.0,0.0,1.0,0.0,1.0,0.0,0.0,0.0,26,16,68,3.5548,1.5282,9.6346,2.0,2.0,0.0
LOLTMNT03_340138,2026-01-23 10:33:19,1,Nongshim RedForce,Red,0,1806,1.3953,4528.0,3179.0,28.0,1.0,0.0,1.0,0.0,1.0,1.0,1.0,16,26,41,3.9535,1.3289,9.9003,3.0,3.0,0.0
LOLTMNT03_340145,2026-01-23 11:24:18,2,Kiwoom DRX,Blue,0,2054,1.1977,567.0,64.0,-23.0,0.0,0.0,0.0,0.0,1.0,0.0,0.0,17,24,32,3.6514,1.1685,9.6981,1.0,1.0,0.0
LOLTMNT03_340145,2026-01-23 11:24:18,2,Nongshim RedForce,Red,1,2054,1.1977,-567.0,-64.0,23.0,1.0,1.0,1.0,1.0,0.0,1.0,1.0,24,17,69,3.3885,1.9572,11.1587,4.0,4.0,0.0
LOLTMNT03_341173,2026-01-23 12:21:14,3,Nongshim RedForce,Blue,0,2130,0.9859,-1091.0,-2033.0,14.0,0.0,0.0,0.0,0.0,0.0,0.0,0.0,14,21,35,3.7465,1.7183,10.3099,2.0,2.0,0.0
LOLTMNT03_341173,2026-01-23 12:21:14,3,Kiwoom DRX,Red,1,2130,0.9859,1091.0,2033.0,-14.0,1.0,1.0,1.0,1.0,1.0,1.0,1.0,21,14,56,3.662,1.7465,10.5915,3.0,3.0,0.0
LOLTMNT03_341253,2026-01-24 08:04:56,1,DN SOOPers,Blue,0,2243,1.1235,722.0,935.0,26.0,0.0,1.0,0.0,0.0,1.0,0.0,0.0,15,27,41,4.1462,2.0865,12.4922,2.0,2.0,0.0
LOLTMNT03_341253,2026-01-24 08:04:56,1,Hanwha Life Esports,Red,1,2243,1.1235,-722.0,-935.0,-26.0,1.0,0.0,1.0,1.0,0.0,1.0,1.0,27,15,79,4.3335,1.8992,12.1979,4.0,4.0,0.0
LOLTMNT03_340232,2026-01-24 09:04:12,2,DN SOOPers,Blue,1,2371,0.658,903.0,1483.0,22.0,1.0,1.0,1.0,0.0,1.0,0.0,1.0,17,9,45,4.0995,2.2775,12.248,6.0,4.0,2.0
LOLTMNT03_340232,2026-01-24 09:04:12,2,Hanwha Life Esports,Red,0,2371,0.658,-903.0,-1483.0,-22.0,0.0,0.0,0.0,1.0,0.0,1.0,0.0,9,17,20,4.8587,2.0751,11.9949,0.0,0.0,0.0
LOLTMNT03_341276,2026-01-24 10:06:14,3,DN SOOPers,Blue,0,1748,0.8924,-2798.0,-1720.0,-1.0,1.0,1.0,0.0,0.0,0.0,0.0,0.0,8,18,17,3.6384,1.5446,9.3707,2.0,2.0,0.0
LOLTMNT03_341276,2026-01-24 10:06:14,3,Hanwha Life Esports,Red,1,1748,0.8924,2798.0,1720.0,1.0,0.0,0.0,1.0,1.0,1.0,1.0,1.0,18,8,43,3.9474,1.7162,11.7391,2.0,2.0,0.0
LOLTMNT03_341342,2026-01-24 11:24:48,1,Dplus Kia,Blue,0,2034,0.7375,-329.0,-33.0,27.0,1.0,0.0,1.0,0.0,1.0,0.0,0.0,6,19,13,3.7463,1.2684,9.351,2.0,2.0,0.0
LOLTMNT03_341342,2026-01-24 11:24:48,1,Gen.G,Red,1,2034,0.7375,329.0,33.0,-27.0,0.0,1.0,0.0,1.0,0.0,1.0,1.0,19,6,41,3.8643,1.9764,10.7965,3.0,3.0,0.0
LOLTMNT03_341348,2026-01-24 12:21:19,2,Gen.G,Blue,1,1817,0.8916,1462.0,616.0,23.0,0.0,1.0,0.0,1.0,1.0,1.0,1.0,22,5,56,3.7314,2.0473,11.3264,4.0,4.0,0.0
LOLTMNT03_341348,2026-01-24 12:21:19,2,Dplus Kia,Red,0,1817,0.8916,-1462.0,-616.0,-23.0,1.0,0.0,1.0,0.0,0.0,0.0,0.0,5,22,12,3.3352,1.4199,8.3214,0.0,0.0,0.0
LOLTMNT03_341399,2026-01-25 08:05:39,1,BNK FEARX,Blue,0,2364,1.0914,-1143.0,117.0,-16.0,1.0,1.0,1.0,0.0,1.0,1.0,0.0,18,25,45,4.2386,1.4467,9.8223,4.0,4.0,0.0
LOLTMNT03_341399,2026-01-25 08:05:39,1,T1,Red,1,2364,1.0914,1143.0,-117.0,16.0,0.0,0.0,0.0,1.0,0.0,0.0,1.0,25,18,53,4.2132,2.1066,12.0051,1.0,0.0,1.0
LOLTMNT03_340339,2026-01-25 09:06:56,2,T1,Blue,0,2580,0.9535,-1508.0,-2148.0,20.0,1.0,0.0,0.0,0.0,1.0,0.0,0.0,15,26,29,3.8837,1.5116,9.3256,2.0,1.0,1.0
LOLTMNT03_340339,2026-01-25 09:06:56,2,BNK FEARX,Red,1,2580,0.9535,1508.0,2148.0,-20.0,0.0,1.0,1.0,1.0,0.0,1.0,1.0,26,15,52,4.1163,1.9535,10.907,4.0,4.0,0.0
LOLTMNT03_340341,2026-01-25 10:12:05,3,BNK FEARX,Blue,0,1820,0.8571,894.0,1646.0,31.0,1.0,1.0,0.0,0.0,1.0,0.0,0.0,8,18,14,3.956,1.5824,9.9231,1.0,1.0,0.0
LOLTMNT03_340341,2026-01-25 10:12:05,3,T1,Red,1,1820,0.8571,-894.0,-1646.0,-31.0,0.0,0.0,1.0,1.0,0.0,1.0,1.0,18,8,39,4.1868,1.4176,10.2857,4.0,4.0,0.0
LOLTMNT03_341439,2026-01-25 11:28:02,1,HANJIN BRION,Blue,1,2279,0.5529,-688.0,-68.0,-26.0,0.0,0.0,0.0,0.0,1.0,0.0,0.0,14,7,45,4.502,1.7376,11.0575,4.0,4.0,0.0
LOLTMNT03_341439,2026-01-25 11:28:02,1,KT Rolster,Red,0,2279,0.5529,688.0,68.0,26.0,1.0,1.0,1.0,1.0,0.0,1.0,1.0,7,14,17,3.4752,2.1325,11.4261,2.0,2.0,0.0
LOLTMNT03_341446,2026-01-25 12:29:52,2,HANJIN BRION,Blue,0,2735,0.8117,3026.0,2809.0,25.0,1.0,0.0,1.0,0.0,1.0,1.0,1.0,17,20,38,4.1243,1.7112,10.8154,3.0,3.0,0.0
LOLTMNT03_341446,2026-01-25 12:29:52,2,KT Rolster,Red,1,2735,0.8117,-3026.0,-2809.0,-25.0,0.0,1.0,0.0,1.0,0.0,0.0,0.0,20,17,41,4.234,2.0183,11.5174,4.0,4.0,0.0
LOLTMNT03_341450,2026-01-25 13:39:08,3,KT Rolster,Blue,1,1801,0.7329,1301.0,1509.0,20.0,0.0,1.0,0.0,1.0,0.0,1.0,1.0,17,5,49,4.0977,1.7657,10.5941,4.0,4.0,0.0
LOLTMNT03_341450,2026-01-25 13:39:08,3,HANJIN BRION,Red,0,1801,0.7329,-1301.0,-1509.0,-20.0,1.0,0.0,0.0,0.0,1.0,0.0,0.0,5,17,15,3.8978,1.4659,9.7946,0.0,0.0,0.0
LOLTMNT01_326821,2026-01-28 08:04:54,1,Kiwoom DRX,Blue,1,2170,0.8295,1569.0,2562.0,-8.0,0.0,1.0,1.0,1.0,0.0,1.0,1.0,22,8,66,3.6498,1.659,11.3088,2.0,2.0,0.0
LOLTMNT01_326821,2026-01-28 08:04:54,1,HANJIN BRION,Red,0,2170,0.8295,-1569.0,-2562.0,8.0,1.0,0.0,0.0,0.0,1.0,0.0,0.0,8,22,14,3.5668,1.2995,9.4839,3.0,3.0,0.0
LOLTMNT01_326837,2026-01-28 09:03:47,2,Kiwoom DRX,Blue,0,2106,1.0256,-1111.0,-473.0,8.0,0.0,0.0,1.0,0.0,0.0,0.0,0.0,7,29,20,3.5043,1.396,10.3704,1.0,1.0,0.0
LOLTMNT01_326837,2026-01-28 09:03:47,2,HANJIN BRION,Red,1,2106,1.0256,1111.0,473.0,-8.0,1.0,1.0,0.0,1.0,1.0,1.0,1.0,29,7,72,4.2165,1.5954,10.2564,4.0,4.0,0.0
LOLTMNT01_327784,2026-01-28 09:59:21,3,HANJIN BRION,Blue,1,2046,1.1144,3133.0,1988.0,59.0,1.0,1.0,1.0,1.0,1.0,1.0,1.0,26,12,64,4.0469,1.9062,11.3196,3.0,3.0,0.0
LOLTMNT01_327784,2026-01-28 09:59:21,3,Kiwoom DRX,Red,0,2046,1.1144,-3133.0,-1988.0,-59.0,0.0,0.0,0.0,0.0,0.0,0.0,0.0,12,26,32,3.9003,1.5543,10.176,1.0,1.0,0.0
LOLTMNT01_327799,2026-01-28 10:54:21,4,HANJIN BRION,Blue,0,1921,0.9995,2516.0,787.0,49.0,1.0,1.0,1.0,1.0,1.0,0.0,0.0,14,18,29,3.7793,1.5617,10.0885,3.0,3.0,0.0
LOLTMNT01_327799,2026-01-28 10:54:21,4,Kiwoom DRX,Red,1,1921,0.9995,-2516.0,-787.0,-49.0,0.0,0.0,0.0,0.0,0.0,1.0,1.0,18,14,52,3.342,1.7179,9.8386,2.0,2.0,0.0
LOLTMNT01_326904,2026-01-28 11:49:42,5,Kiwoom DRX,Blue,1,2587,0.603,-1628.0,-941.0,-23.0,0.0,0.0,1.0,0.0,1.0,1.0,1.0,20,6,60,3.7341,1.925,10.9007,4.0,4.0,0.0
LOLTMNT01_326904,2026-01-28 11:49:42,5,HANJIN BRION,Red,0,2587,0.603,1628.0,941.0,23.0,1.0,1.0,0.0,0.0,0.0,0.0,0.0,6,20,14,3.7804,1.7859,10.4832,2.0,2.0,0.0
LOLTMNT01_331103,2026-01-29 08:07:19,1,BNK FEARX,Blue,1,2114,0.9366,-2195.0,-672.0,-17.0,0.0,1.0,1.0,1.0,1.0,1.0,1.0,19,14,55,3.8316,2.1287,10.5582,4.0,4.0,0.0
LOLTMNT01_331103,2026-01-29 08:07:19,1,DN SOOPers,Red,0,2114,0.9366,2195.0,672.0,17.0,1.0,0.0,0.0,0.0,0.0,0.0,0.0,14,19,34,3.4626,1.8732,9.7067,1.0,1.0,0.0
LOLTMNT01_332133,2026-01-29 09:07:12,2,BNK FEARX,Blue,1,1535,1.0554,586.0,2015.0,51.0,0.0,1.0,1.0,1.0,1.0,1.0,1.0,17,10,37,4.3388,1.798,11.1401,2.0,2.0,0.0
LOLTMNT01_332133,2026-01-29 09:07:12,2,DN SOOPers,Red,0,1535,1.0554,-586.0,-2015.0,-51.0,1.0,0.0,0.0,0.0,0.0,0.0,0.0,10,17,18,3.3225,1.4853,8.5993,1.0,1.0,0.0
LOLTMNT01_332152,2026-01-29 09:53:36,3,BNK FEARX,Blue,0,2027,1.0064,-595.0,1241.0,8.0,1.0,0.0,0.0,0.0,0.0,0.0,0.0,9,25,15,3.7889,1.776,9.8865,0.0,0.0,0.0
LOLTMNT01_332152,2026-01-29 09:53:36,3,DN SOOPers,Red,1,2027,1.0064,595.0,-1241.0,-8.0,0.0,1.0,1.0,1.0,1.0,1.0,1.0,25,9,52,4.1441,1.8944,10.8633,4.0,4.0,0.0
LOLTMNT01_332170,2026-01-29 10:47:32,4,DN SOOPers,Blue,0,2366,0.8876,90.0,71.0,5.0,0.0,0.0,1.0,0.0,1.0,1.0,1.0,16,19,35,4.4125,1.9019,10.9806,3.0,3.0,0.0
LOLTMNT01_332170,2026-01-29 10:47:32,4,BNK FEARX,Red,1,2366,0.8876,-90.0,-71.0,-5.0,1.0,1.0,0.0,1.0,0.0,0.0,0.0,19,16,42,4.4379,1.978,10.8538,2.0,2.0,0.0
LOLTMNT01_331607,2026-01-30 08:05:48,1,KT Rolster,Blue,0,1642,1.0597,-2230.0,-548.0,7.0,0.0,0.0,1.0,0.0,0.0,0.0,0.0,7,22,20,3.5079,1.352,9.3544,0.0,0.0,0.0
LOLTMNT01_331607,2026-01-30 08:05:48,1,Nongshim RedForce,Red,1,1642,1.0597,2230.0,548.0,-7.0,1.0,1.0,0.0,1.0,1.0,1.0,1.0,22,7,61,3.5079,1.6443,10.4141,4.0,4.0,0.0
LOLTMNT01_332667,2026-01-30 08:56:59,2,Nongshim RedForce,Blue,1,2269,0.6875,1323.0,373.0,11.0,1.0,1.0,1.0,1.0,1.0,0.0,1.0,17,9,42,3.6756,1.8775,10.3394,5.0,4.0,1.0
LOLTMNT01_332667,2026-01-30 08:56:59,2,KT Rolster,Red,0,2269,0.6875,-1323.0,-373.0,-11.0,0.0,0.0,0.0,0.0,0.0,1.0,0.0,9,17,23,3.6227,1.4808,8.9379,1.0,1.0,0.0
LOLTMNT01_331640,2026-01-30 09:57:18,3,Nongshim RedForce,Blue,0,1541,1.1291,-2792.0,-2985.0,-49.0,0.0,0.0,0.0,0.0,0.0,0.0,0.0,8,21,21,2.9591,0.9345,7.5535,0.0,0.0,0.0
LOLTMNT01_331640,2026-01-30 09:57:18,3,KT Rolster,Red,1,1541,1.1291,2792.0,2985.0,49.0,1.0,1.0,1.0,1.0,1.0,1.0,1.0,21,8,46,2.8034,1.2459,8.9163,4.0,4.0,0.0
LOLTMNT01_331650,2026-01-30 10:47:33,4,KT Rolster,Blue,1,2313,0.6744,3010.0,2522.0,8.0,0.0,0.0,1.0,1.0,1.0,1.0,1.0,18,8,46,3.7095,1.5564,10.2983,4.0,4.0,0.0
LOLTMNT01_331650,2026-01-30 10:47:33,4,Nongshim RedForce,Red,0,2313,0.6744,-3010.0,-2522.0,-8.0,1.0,1.0,0.0,0.0,0.0,0.0,0.0,8,18,25,3.3463,1.5045,9.2088,2.0,2.0,0.0
LOLTMNT01_332727,2026-01-30 11:49:42,5,KT Rolster,Blue,0,1571,0.802,-438.0,260.0,-25.0,1.0,0.0,1.0,0.0,0.0,1.0,0.0,5,16,14,3.5519,1.2603,8.8606,1.0,1.0,0.0
LOLTMNT01_332727,2026-01-30 11:49:42,5,Nongshim RedForce,Red,1,1571,0.802,438.0,-260.0,25.0,0.0,1.0,0.0,1.0,1.0,0.0,1.0,16,5,36,3.0936,2.1388,10.1209,3.0,3.0,0.0
LOLTMNT01_334295,2026-01-31 08:17:53,1,Dplus Kia,Blue,0,1992,0.9639,-1235.0,1098.0,27.0,1.0,0.0,1.0,0.0,0.0,1.0,0.0,11,21,24,3.7651,1.6867,10.4518,0.0,0.0,0.0
LOLTMNT01_334295,2026-01-31 08:17:53,1,T1,Red,1,1992,0.9639,1235.0,-1098.0,-27.0,0.0,1.0,0.0,1.0,1.0,0.0,1.0,21,11,42,3.494,1.9578,10.994,4.0,4.0,0.0
LOLTMNT01_334313,2026-01-31 09:15:38,2,T1,Blue,1,1685,1.3887,-1418.0,-1024.0,-23.0,0.0,1.0,1.0,1.0,0.0,0.0,1.0,28,11,74,3.9525,1.4599,9.7923,3.0,3.0,0.0
LOLTMNT01_334313,2026-01-31 09:15:38,2,Dplus Kia,Red,0,1685,1.3887,1418.0,1024.0,23.0,1.0,0.0,0.0,0.0,1.0,1.0,0.0,11,28,20,3.5252,1.5312,9.9703,1.0,1.0,0.0
LOLTMNT01_333373,2026-01-31 10:06:58,3,T1,Blue,1,2378,1.1859,933.0,425.0,-11.0,1.0,1.0,1.0,1.0,1.0,1.0,1.0,31,16,60,3.8856,1.3373,10.5719,4.0,4.0,0.0
LOLTMNT01_333373,2026-01-31 10:06:58,3,Dplus Kia,Red,0,2378,1.1859,-933.0,-425.0,11.0,0.0,0.0,0.0,0.0,0.0,0.0,0.0,16,31,36,3.3305,1.5391,9.9159,1.0,1.0,0.0
LOLTMNT01_336016,2026-02-01 08:08:08,1,Gen.G,Blue,1,2164,0.8041,-1029.0,-390.0,-15.0,0.0,0.0,0.0,1.0,1.0,1.0,1.0,21,8,53,4.4085,2.2181,13.0314,4.0,4.0,0.0
LOLTMNT01_336016,2026-02-01 08:08:08,1,Hanwha Life Esports,Red,0,2164,0.8041,1029.0,390.0,15.0,1.0,1.0,1.0,0.0,0.0,0.0,0.0,8,21,17,3.9926,1.6359,10.8688,2.0,2.0,0.0
LOLTMNT01_336021,2026-02-01 09:10:50,2,Gen.G,Blue,1,2103,1.0842,-769.0,-1075.0,-41.0,1.0,0.0,1.0,0.0,1.0,1.0,0.0,21,17,48,4.4223,1.9401,11.3837,3.0,3.0,0.0
LOLTMNT01_336021,2026-02-01 09:10:50,2,Hanwha Life Esports,Red,0,2103,1.0842,769.0,1075.0,41.0,0.0,1.0,0.0,1.0,0.0,0.0,1.0,17,21,45,3.766,1.8545,11.2696,2.0,2.0,0.0
LOLTMNT01_335069,2026-02-01 10:09:06,3,Gen.G,Blue,1,1952,0.8914,523.0,1579.0,-6.0,0.0,1.0,0.0,1.0,1.0,0.0,0.0,20,9,44,4.2418,2.0902,11.1885,4.0,4.0,0.0
LOLTMNT01_335069,2026-02-01 10:09:06,3,Hanwha Life Esports,Red,0,1952,0.8914,-523.0,-1579.0,6.0,1.0,0.0,1.0,0.0,0.0,1.0,1.0,9,20,20,3.5656,1.8135,10.543,0.0,0.0,0.0
LOLTMNT01_338397,2026-02-06 08:05:10,1,HANJIN BRION,Blue,0,1447,1.161,-4514.0,-2364.0,-30.0,1.0,0.0,0.0,0.0,0.0,0.0,0.0,4,24,10,3.5245,0.539,7.5466,0.0,0.0,0.0
LOLTMNT01_338397,2026-02-06 08:05:10,1,Kiwoom DRX,Red,1,1447,1.161,4514.0,2364.0,30.0,0.0,1.0,1.0,1.0,1.0,1.0,1.0,24,4,61,2.8611,1.4513,9.3711,3.0,3.0,0.0
LOLTMNT01_338416,2026-02-06 08:50:09,2,Kiwoom DRX,Blue,0,2071,0.8112,-1124.0,-3279.0,-67.0,1.0,0.0,1.0,1.0,0.0,0.0,0.0,11,17,31,3.7953,1.7673,11.0381,2.0,2.0,0.0
LOLTMNT01_338416,2026-02-06 08:50:09,2,HANJIN BRION,Red,1,2071,0.8112,1124.0,3279.0,67.0,0.0,1.0,0.0,0.0,1.0,1.0,1.0,17,11,41,4.4616,2.028,12.5736,3.0,3.0,0.0
LOLTMNT01_338422,2026-02-06 09:45:35,3,HANJIN BRION,Blue,0,1805,0.8643,-64.0,-534.0,4.0,0.0,0.0,0.0,0.0,0.0,0.0,0.0,7,19,12,3.6898,1.2964,8.5762,0.0,0.0,0.0
LOLTMNT01_338422,2026-02-06 09:45:35,3,Kiwoom DRX,Red,1,1805,0.8643,64.0,534.0,-4.0,1.0,1.0,1.0,0.0,1.0,1.0,1.0,19,7,54,3.5568,1.9612,10.3712,4.0,4.0,0.0
LOLTMNT01_338447,2026-02-06 10:59:51,1,DN SOOPers,Blue,1,2975,0.9277,-1728.0,-750.0,-33.0,0.0,1.0,1.0,0.0,0.0,0.0,0.0,28,18,61,3.4487,1.6941,9.7412,5.0,4.0,1.0
LOLTMNT01_338447,2026-02-06 10:59:51,1,KT Rolster,Red,0,2975,0.9277,1728.0,750.0,33.0,1.0,0.0,0.0,1.0,1.0,1.0,1.0,18,28,46,2.9445,1.6134,9.9227,2.0,2.0,0.0
LOLTMNT01_338459,2026-02-06 12:11:32,2,DN SOOPers,Blue,1,1810,0.4972,292.0,1242.0,34.0,0.0,1.0,1.0,0.0,1.0,1.0,1.0,12,3,33,4.1768,1.7569,11.1713,4.0,4.0,0.0
LOLTMNT01_338459,2026-02-06 12:11:32,2,KT Rolster,Red,0,1810,0.4972,-292.0,-1242.0,-34.0,1.0,0.0,0.0,0.0,0.0,0.0,0.0,3,12,4,3.4144,1.989,10.3757,1.0,1.0,0.0
LOLTMNT01_338589,2026-02-07 08:07:00,1,Dplus Kia,Blue,1,1536,1.6406,7024.0,5959.0,88.0,0.0,1.0,1.0,1.0,1.0,1.0,1.0,35,7,87,3.2813,1.2109,9.1016,3.0,3.0,0.0
LOLTMNT01_338589,2026-02-07 08:07:00,1,Kiwoom DRX,Red,0,1536,1.6406,-7024.0,-5959.0,-88.0,1.0,0.0,0.0,0.0,0.0,0.0,0.0,7,35,20,3.0078,1.0156,7.1875,0.0,0.0,0.0
LOLTMNT01_338603,2026-02-07 08:55:19,2,Dplus Kia,Blue,1,1670,1.7246,3757.0,2178.0,60.0,1.0,1.0,1.0,1.0,1.0,1.0,1.0,32,16,64,3.7365,1.3293,9.5928,1.0,1.0,0.0
LOLTMNT01_338603,2026-02-07 08:55:19,2,Kiwoom DRX,Red,0,1670,1.7246,-3757.0,-2178.0,-60.0,0.0,0.0,0.0,0.0,0.0,0.0,0.0,16,32,32,3.3054,1.4371,9.7006,2.0,2.0,0.0
LOLTMNT01_338625,2026-02-07 10:09:22,1,DN SOOPers,Blue,0,1820,0.8901,-1102.0,-969.0,-2.0,0.0,0.0,0.0,0.0,0.0,0.0,0.0,3,24,8,3.7253,1.2198,8.6703,0.0,0.0,0.0
LOLTMNT01_338625,2026-02-07 10:09:22,1,Nongshim RedForce,Red,1,1820,0.8901,1102.0,969.0,2.0,1.0,1.0,1.0,1.0,1.0,1.0,1.0,24,3,55,3.8571,2.044,11.5385,4.0,4.0,0.0
LOLTMNT01_337768,2026-02-07 11:00:32,2,Nongshim RedForce,Blue,0,1919,0.8755,901.0,1589.0,27.0,1.0,0.0,1.0,0.0,0.0,1.0,1.0,9,19,12,2.9078,1.9698,10.0052,1.0,1.0,0.0
LOLTMNT01_337768,2026-02-07 11:00:32,2,DN SOOPers,Red,1,1919,0.8755,-901.0,-1589.0,-27.0,0.0,1.0,0.0,1.0,1.0,0.0,0.0,19,9,49,4.0646,1.407,9.9739,4.0,4.0,0.0
LOLTMNT01_338644,2026-02-07 11:54:25,3,DN SOOPers,Blue,1,2731,0.9667,-856.0,-610.0,37.0,0.0,0.0,1.0,1.0,1.0,1.0,1.0,20,24,54,4.6796,2.0212,12.435,4.0,4.0,0.0
LOLTMNT01_338644,2026-02-07 11:54:25,3,Nongshim RedForce,Red,0,2731,0.9667,856.0,610.0,-37.0,1.0,1.0,0.0,0.0,0.0,0.0,0.0,24,20,60,4.1084,1.8894,10.9191,3.0,3.0,0.0
LOLTMNT01_338745,2026-02-08 08:06:06,1,Nongshim RedForce,Blue,0,1658,1.1942,-3084.0,-1619.0,-4.0,0.0,0.0,1.0,0.0,0.0,0.0,0.0,7,26,15,3.8721,1.339,8.4318,0.0,0.0,0.0
LOLTMNT01_338745,2026-02-08 08:06:06,1,Kiwoom DRX,Red,1,1658,1.1942,3084.0,1619.0,4.0,1.0,1.0,0.0,1.0,1.0,1.0,1.0,26,7,53,3.5464,1.5561,9.9156,3.0,3.0,0.0
LOLTMNT01_337856,2026-02-08 08:59:00,2,Kiwoom DRX,Blue,1,1966,0.9156,1893.0,626.0,-11.0,1.0,0.0,1.0,1.0,0.0,1.0,1.0,23,7,57,4.0285,1.648,10.8952,4.0,4.0,0.0
LOLTMNT01_337856,2026-02-08 08:59:00,2,Nongshim RedForce,Red,0,1966,0.9156,-1893.0,-626.0,11.0,0.0,1.0,0.0,0.0,1.0,0.0,0.0,7,23,11,3.7233,1.2513,9.3082,1.0,1.0,0.0
LOLTMNT01_337859,2026-02-08 09:55:03,3,Kiwoom DRX,Blue,1,1905,0.9449,3640.0,1872.0,1.0,0.0,0.0,0.0,1.0,1.0,1.0,1.0,22,8,52,3.622,1.7008,10.3307,4.0,4.0,0.0
LOLTMNT01_337859,2026-02-08 09:55:03,3,Nongshim RedForce,Red,0,1905,0.9449,-3640.0,-1872.0,-1.0,1.0,1.0,1.0,0.0,0.0,0.0,0.0,8,22,16,3.6535,1.6378,9.6693,1.0,1.0,0.0
LOLTMNT02_352362,2026-02-12 08:04:05,1,DN SOOPers,Blue,1,1705,0.9853,1282.0,140.0,-1.0,1.0,0.0,1.0,1.0,1.0,1.0,1.0,23,5,69,3.5191,1.478,10.2053,3.0,3.0,0.0
LOLTMNT02_352362,2026-02-12 08:04:05,1,BNK FEARX,Red,0,1705,0.9853,-1282.0,-140.0,1.0,0.0,1.0,0.0,0.0,0.0,0.0,0.0,5,23,11,3.695,1.478,8.6921,1.0,1.0,0.0
LOLTMNT02_351385,2026-02-12 08:55:20,2,DN SOOPers,Blue,0,2261,0.9023,-3150.0,-756.0,23.0,0.0,1.0,1.0,0.0,0.0,1.0,0.0,11,23,16,4.0867,2.3087,11.7293,2.0,2.0,0.0
LOLTMNT02_351385,2026-02-12 08:55:20,2,BNK FEARX,Red,1,2261,0.9023,3150.0,756.0,-23.0,1.0,0.0,0.0,0.0,1.0,0.0,1.0,23,11,51,4.7501,2.176,11.7824,4.0,4.0,0.0
LOLTMNT02_351402,2026-02-12 09:56:42,3,BNK FEARX,Blue,1,1523,1.0637,1441.0,224.0,-3.0,1.0,0.0,1.0,1.0,1.0,1.0,1.0,19,8,48,3.8214,1.5758,9.3368,2.0,2.0,0.0
LOLTMNT02_351402,2026-02-12 09:56:42,3,DN SOOPers,Red,0,1523,1.0637,-1441.0,-224.0,3.0,0.0,1.0,0.0,0.0,0.0,0.0,0.0,8,19,8,3.1517,1.9304,9.5732,1.0,1.0,0.0
LOLTMNT02_352407,2026-02-12 10:48:56,4,BNK FEARX,Blue,0,1802,1.0655,-1688.0,-1636.0,-54.0,1.0,0.0,0.0,1.0,0.0,0.0,0.0,15,17,28,3.9623,1.465,8.7236,0.0,0.0,0.0
LOLTMNT02_352407,2026-02-12 10:48:56,4,DN SOOPers,Red,1,1802,1.0655,1688.0,1636.0,54.0,0.0,1.0,1.0,0.0,1.0,1.0,1.0,17,15,28,3.1632,2.1643,10.4883,3.0,3.0,0.0
LOLTMNT02_352429,2026-02-12 11:41:51,5,DN SOOPers,Blue,0,2239,1.2059,-2240.0,-2759.0,-40.0,1.0,0.0,0.0,0.0,0.0,0.0,0.0,18,28,46,3.9929,1.849,10.4511,1.0,0.0,1.0
LOLTMNT02_352429,2026-02-12 11:41:51,5,BNK FEARX,Red,1,2239,1.2059,2240.0,2759.0,40.0,0.0,1.0,1.0,1.0,1.0,1.0,1.0,27,19,66,4.0732,1.7686,10.3975,4.0,4.0,0.0
LOLTMNT02_352782,2026-02-13 08:06:47,1,Dplus Kia,Blue,0,2024,1.1858,1453.0,2383.0,50.0,1.0,0.0,1.0,0.0,0.0,0.0,0.0,14,27,27,3.5573,1.5711,9.7233,1.0,1.0,0.0
LOLTMNT02_352782,2026-02-13 08:06:47,1,Kiwoom DRX,Red,1,2024,1.1858,-1453.0,-2383.0,-50.0,0.0,1.0,0.0,1.0,1.0,1.0,1.0,26,14,54,3.4091,1.6897,10.3458,4.0,4.0,0.0
LOLTMNT02_352790,2026-02-13 09:03:09,2,Dplus Kia,Blue,1,2513,1.0267,4785.0,3656.0,89.0,1.0,1.0,1.0,1.0,1.0,1.0,1.0,25,18,59,3.2471,1.0505,8.7624,4.0,4.0,0.0
LOLTMNT02_352790,2026-02-13 09:03:09,2,Kiwoom DRX,Red,0,2513,1.0267,-4785.0,-3656.0,-89.0,0.0,0.0,0.0,0.0,0.0,0.0,0.0,18,25,44,3.0084,1.5758,8.5237,2.0,2.0,0.0
LOLTMNT02_351807,2026-02-13 10:06:25,3,Dplus Kia,Blue,0,2514,0.6921,-315.0,-813.0,36.0,0.0,0.0,0.0,1.0,1.0,1.0,1.0,13,16,29,3.9379,1.6706,11.432,2.0,2.0,0.0
LOLTMNT02_351807,2026-02-13 10:06:25,3,Kiwoom DRX,Red,1,2514,0.6921,315.0,813.0,-36.0,1.0,1.0,1.0,0.0,0.0,0.0,0.0,16,13,33,3.747,1.7184,10.6205,4.0,4.0,0.0
LOLTMNT02_352851,2026-02-13 11:11:59,4,Dplus Kia,Blue,1,1621,0.5552,442.0,1755.0,42.0,1.0,1.0,1.0,1.0,1.0,1.0,1.0,13,2,33,3.7384,1.3325,9.6977,4.0,4.0,0.0
LOLTMNT02_352851,2026-02-13 11:11:59,4,Kiwoom DRX,Red,0,1621,0.5552,-442.0,-1755.0,-42.0,0.0,0.0,0.0,0.0,0.0,0.0,0.0,2,13,6,2.8501,1.3695,8.8834,0.0,0.0,0.0
LOLTMNT02_351868,2026-02-13 12:01:25,5,Dplus Kia,Blue,1,1803,0.6323,627.0,-1087.0,-5.0,0.0,0.0,1.0,1.0,0.0,0.0,0.0,13,7,28,3.2612,1.7637,9.0516,2.0,2.0,0.0
LOLTMNT02_351868,2026-02-13 12:01:25,5,Kiwoom DRX,Red,0,1803,0.6323,-627.0,1087.0,5.0,1.0,1.0,0.0,0.0,1.0,1.0,1.0,6,13,2,3.1947,1.0982,8.0865,2.0,2.0,0.0
LOLTMNT02_354256,2026-02-14 08:07:25,1,Dplus Kia,Blue,0,1869,1.0273,-4417.0,-1462.0,-20.0,0.0,0.0,1.0,0.0,1.0,0.0,0.0,7,25,15,2.8892,1.2841,7.9294,0.0,0.0,0.0
LOLTMNT02_354256,2026-02-14 08:07:25,1,Gen.G,Red,1,1869,1.0273,4417.0,1462.0,20.0,1.0,1.0,0.0,1.0,0.0,1.0,1.0,25,7,66,3.7881,1.7657,11.3002,4.0,4.0,0.0
LOLTMNT02_354263,2026-02-14 09:01:24,2,Dplus Kia,Blue,1,2435,0.8131,340.0,1471.0,-4.0,0.0,0.0,1.0,0.0,0.0,0.0,0.0,18,15,34,3.8439,1.9713,10.9158,5.0,4.0,1.0
LOLTMNT02_354263,2026-02-14 09:01:24,2,Gen.G,Red,0,2435,0.8131,-340.0,-1471.0,4.0,1.0,1.0,0.0,1.0,1.0,1.0,1.0,15,18,33,4.0164,2.1684,11.6797,1.0,1.0,0.0
LOLTMNT02_353283,2026-02-14 10:10:21,3,Dplus Kia,Blue,0,1912,0.8159,-2710.0,-1606.0,-25.0,0.0,0.0,0.0,0.0,0.0,0.0,0.0,9,17,26,3.2008,1.2238,8.0021,1.0,1.0,0.0
LOLTMNT02_353283,2026-02-14 10:10:21,3,Gen.G,Red,1,1912,0.8159,2710.0,1606.0,25.0,1.0,1.0,1.0,1.0,1.0,1.0,1.0,17,9,37,3.4833,1.8828,10.387,4.0,4.0,0.0
LOLTMNT02_353312,2026-02-14 11:05:18,4,Gen.G,Blue,1,2691,0.7804,1050.0,596.0,18.0,0.0,0.0,1.0,0.0,1.0,0.0,0.0,19,16,46,3.9465,1.5385,10.7692,4.0,4.0,0.0
LOLTMNT02_353312,2026-02-14 11:05:18,4,Dplus Kia,Red,0,2691,0.7804,-1050.0,-596.0,-18.0,1.0,1.0,0.0,1.0,0.0,1.0,1.0,16,19,30,3.233,1.7391,10.1003,2.0,2.0,0.0
LOLTMNT02_353559,2026-02-15 08:05:24,1,BNK FEARX,Blue,1,1873,1.4415,2874.0,2016.0,24.0,0.0,0.0,1.0,1.0,1.0,1.0,1.0,25,20,61,4.1324,1.1532,9.7064,2.0,2.0,0.0
LOLTMNT02_353559,2026-02-15 08:05:24,1,T1,Red,0,1873,1.4415,-2874.0,-2016.0,-24.0,1.0,1.0,0.0,0.0,0.0,0.0,0.0,20,25,48,3.5558,1.6658,9.5782,3.0,3.0,0.0
LOLTMNT02_353572,2026-02-15 09:00:12,2,BNK FEARX,Blue,0,2051,0.7606,544.0,265.0,24.0,1.0,1.0,1.0,0.0,1.0,1.0,1.0,9,17,14,3.8323,2.077,10.7947,1.0,1.0,0.0
LOLTMNT02_353572,2026-02-15 09:00:12,2,T1,Red,1,2051,0.7606,-544.0,-265.0,-24.0,0.0,0.0,0.0,1.0,0.0,0.0,0.0,17,9,46,3.8615,1.7845,10.4729,4.0,4.0,0.0
LOLTMNT02_354619,2026-02-15 09:56:35,3,T1,Blue,0,1645,0.9483,-4830.0,-2591.0,-56.0,0.0,0.0,0.0,1.0,0.0,0.0,0.0,6,20,4,3.6839,0.9119,7.8784,1.0,1.0,0.0
LOLTMNT02_354619,2026-02-15 09:56:35,3,BNK FEARX,Red,1,1645,0.9483,4830.0,2591.0,56.0,1.0,1.0,1.0,0.0,1.0,1.0,1.0,20,6,36,3.1733,1.2766,8.1337,3.0,3.0,0.0
LOLTMNT02_354641,2026-02-15 10:48:53,4,BNK FEARX,Blue,1,1669,1.0785,2851.0,1960.0,-7.0,1.0,1.0,1.0,1.0,1.0,1.0,1.0,20,10,53,3.8107,1.5458,9.4548,4.0,4.0,0.0
LOLTMNT02_354641,2026-02-15 10:48:53,4,T1,Red,0,1669,1.0785,-2851.0,-1960.0,7.0,0.0,0.0,0.0,0.0,0.0,0.0,0.0,10,20,21,3.559,1.0066,7.8011,0.0,0.0,0.0
LOLTMNT02_356392,2026-02-19 08:06:05,1,Kiwoom DRX,Blue,0,1800,0.9333,-2036.0,-1814.0,-4.0,1.0,0.0,0.0,0.0,1.0,0.0,0.0,4,24,11,3.1667,1.3,9.2,0.0,0.0,0.0
LOLTMNT02_356392,2026-02-19 08:06:05,1,DN SOOPers,Red,1,1800,0.9333,2036.0,1814.0,4.0,0.0,1.0,1.0,1.0,0.0,1.0,1.0,24,4,65,3.7333,1.5,9.7667,4.0,4.0,0.0
LOLTMNT02_356399,2026-02-19 08:59:02,2,DN SOOPers,Blue,1,1714,1.1902,969.0,1137.0,23.0,0.0,1.0,1.0,1.0,1.0,1.0,1.0,23,11,59,4.1307,1.8553,10.8868,3.0,3.0,0.0
LOLTMNT02_356399,2026-02-19 08:59:02,2,Kiwoom DRX,Red,0,1714,1.1902,-969.0,-1137.0,-23.0,1.0,0.0,0.0,0.0,0.0,0.0,0.0,11,23,19,3.7456,1.5753,9.6966,1.0,1.0,0.0
LOLTMNT02_355443,2026-02-19 09:49:11,3,DN SOOPers,Blue,0,1659,1.1573,1834.0,1007.0,-21.0,1.0,0.0,1.0,0.0,1.0,1.0,0.0,13,19,31,3.6528,1.1573,8.7523,0.0,0.0,0.0
LOLTMNT02_355443,2026-02-19 09:49:11,3,Kiwoom DRX,Red,1,1659,1.1573,-1834.0,-1007.0,21.0,0.0,1.0,0.0,1.0,0.0,0.0,1.0,19,13,50,3.255,1.6275,9.5479,4.0,4.0,0.0
LOLTMNT02_355446,2026-02-19 10:37:09,4,Kiwoom DRX,Blue,0,2191,1.1775,383.0,-542.0,-30.0,0.0,1.0,1.0,0.0,1.0,1.0,1.0,21,22,48,3.3683,1.5609,9.9407,2.0,2.0,0.0
LOLTMNT02_355446,2026-02-19 10:37:09,4,DN SOOPers,Red,1,2191,1.1775,-383.0,542.0,30.0,1.0,0.0,0.0,1.0,0.0,0.0,0.0,22,21,51,3.7517,1.2323,9.2834,4.0,4.0,0.0
LOLTMNT02_356582,2026-02-20 08:06:25,1,DN SOOPers,Blue,0,2262,0.8223,-561.0,-1678.0,-41.0,1.0,0.0,0.0,0.0,0.0,0.0,0.0,14,17,34,3.687,1.9363,10.0531,0.0,0.0,0.0
LOLTMNT02_356582,2026-02-20 08:06:25,1,Dplus Kia,Red,1,2262,0.8223,561.0,1678.0,41.0,0.0,1.0,1.0,1.0,1.0,1.0,1.0,17,14,36,3.7666,1.9629,11.2997,4.0,4.0,0.0
LOLTMNT02_355631,2026-02-20 09:07:24,2,Dplus Kia,Blue,1,2284,0.683,-74.0,1388.0,46.0,1.0,0.0,0.0,0.0,1.0,1.0,1.0,17,9,49,3.6515,2.0753,11.0333,1.0,1.0,0.0
LOLTMNT02_355631,2026-02-20 09:07:24,2,DN SOOPers,Red,0,2284,0.683,74.0,-1388.0,-46.0,0.0,1.0,1.0,1.0,0.0,0.0,0.0,9,17,19,4.0718,1.8651,10.7706,4.0,4.0,0.0
LOLTMNT02_355637,2026-02-20 10:07:12,3,Dplus Kia,Blue,0,1971,0.7915,102.0,1528.0,41.0,0.0,0.0,0.0,0.0,0.0,0.0,0.0,5,21,10,3.1963,1.8569,10.1065,0.0,0.0,0.0
LOLTMNT02_355637,2026-02-20 10:07:12,3,DN SOOPers,Red,1,1971,0.7915,-102.0,-1528.0,-41.0,1.0,1.0,1.0,1.0,1.0,1.0,1.0,21,5,43,3.2877,1.6438,10.2588,4.0,4.0,0.0
LOLTMNT02_356609,2026-02-20 11:02:23,4,DN SOOPers,Blue,0,1792,0.5357,645.0,-894.0,-12.0,1.0,0.0,1.0,0.0,1.0,0.0,0.0,5,11,12,3.3482,1.1384,8.5045,2.0,2.0,0.0
LOLTMNT02_356609,2026-02-20 11:02:23,4,Dplus Kia,Red,1,1792,0.5357,-645.0,894.0,12.0,0.0,1.0,0.0,1.0,0.0,1.0,1.0,11,5,27,2.7455,2.0424,9.9107,2.0,2.0,0.0
LOLTMNT02_356695,2026-02-21 08:08:52,1,Gen.G,Blue,1,1906,0.9759,560.0,1080.0,5.0,0.0,1.0,1.0,1.0,1.0,1.0,1.0,18,13,47,4.2497,1.8573,11.1123,4.0,4.0,0.0
LOLTMNT02_356695,2026-02-21 08:08:52,1,BNK FEARX,Red,0,1906,0.9759,-560.0,-1080.0,-5.0,1.0,0.0,0.0,0.0,0.0,0.0,0.0,13,18,33,3.8405,1.4166,9.5383,1.0,1.0,0.0
LOLTMNT02_355782,2026-02-21 09:07:41,2,Gen.G,Blue,1,2014,0.9235,645.0,1066.0,72.0,0.0,0.0,1.0,1.0,1.0,1.0,1.0,19,12,40,3.575,1.6683,10.8441,1.0,1.0,0.0
LOLTMNT02_355782,2026-02-21 09:07:41,2,BNK FEARX,Red,0,2014,0.9235,-645.0,-1066.0,-72.0,1.0,1.0,0.0,0.0,0.0,0.0,0.0,12,19,31,3.426,1.5194,8.5204,3.0,3.0,0.0
LOLTMNT02_356711,2026-02-21 10:03:38,3,Gen.G,Blue,0,1717,0.7688,627.0,1549.0,29.0,1.0,0.0,1.0,0.0,0.0,1.0,1.0,5,17,10,3.145,1.6075,9.3302,0.0,0.0,0.0
LOLTMNT02_356711,2026-02-21 10:03:38,3,BNK FEARX,Red,1,1717,0.7688,-627.0,-1549.0,-29.0,0.0,1.0,0.0,1.0,1.0,0.0,0.0,17,5,45,3.5294,1.3978,9.1904,4.0,4.0,0.0
LOLTMNT02_355793,2026-02-21 10:56:33,4,Gen.G,Blue,1,1395,1.1183,8341.0,4851.0,77.0,1.0,1.0,1.0,1.0,1.0,1.0,1.0,22,4,49,3.1828,1.1613,8.2581,3.0,3.0,0.0
LOLTMNT02_355793,2026-02-21 10:56:33,4,BNK FEARX,Red,0,1395,1.1183,-8341.0,-4851.0,-77.0,0.0,0.0,0.0,0.0,0.0,0.0,0.0,4,22,13,3.1828,0.8172,7.1828,0.0,0.0,0.0
LOLTMNT02_356869,2026-02-22 08:08:41,1,Dplus Kia,Blue,0,2097,0.9442,-280.0,115.0,20.0,1.0,0.0,0.0,0.0,0.0,0.0,0.0,13,20,31,3.0901,1.8026,9.814,1.0,1.0,0.0
LOLTMNT02_356869,2026-02-22 08:08:41,1,T1,Red,1,2097,0.9442,280.0,-115.0,-20.0,0.0,1.0,1.0,1.0,1.0,1.0,1.0,20,13,46,3.5479,1.7454,9.9571,3.0,3.0,0.0
LOLTMNT02_356875,2026-02-22 09:08:21,2,Dplus Kia,Blue,0,1744,1.0665,-498.0,-130.0,-38.0,1.0,0.0,1.0,0.0,0.0,0.0,0.0,7,25,11,3.8188,1.4106,9.7362,0.0,0.0,0.0
LOLTMNT02_356875,2026-02-22 09:08:21,2,T1,Red,1,1744,1.0665,498.0,130.0,38.0,0.0,1.0,0.0,1.0,1.0,1.0,1.0,24,7,54,3.7844,1.7546,10.4931,3.0,3.0,0.0
LOLTMNT02_356881,2026-02-22 10:01:38,3,T1,Blue,0,2351,0.6125,1781.0,1115.0,-20.0,1.0,1.0,0.0,1.0,0.0,0.0,1.0,9,15,10,3.2667,1.5568,9.2131,1.0,1.0,0.0
LOLTMNT02_356881,2026-02-22 10:01:38,3,Dplus Kia,Red,1,2351,0.6125,-1781.0,-1115.0,20.0,0.0,0.0,1.0,0.0,1.0,1.0,0.0,15,9,33,3.1901,1.7099,9.8511,4.0,4.0,0.0
LOLTMNT02_355917,2026-02-22 11:04:59,4,Dplus Kia,Blue,1,2033,0.8264,-1438.0,-438.0,29.0,0.0,1.0,1.0,0.0,1.0,1.0,1.0,14,14,25,4.3089,1.6527,10.9788,4.0,4.0,0.0
LOLTMNT02_355917,2026-02-22 11:04:59,4,T1,Red,0,2033,0.8264,1438.0,438.0,-29.0,1.0,0.0,0.0,0.0,0.0,0.0,0.0,14,14,23,3.7777,2.0364,10.9788,1.0,1.0,0.0
LOLTMNT02_356890,2026-02-22 12:02:50,5,Dplus Kia,Blue,1,1893,0.7607,-802.0,44.0,-24.0,0.0,0.0,1.0,1.0,0.0,1.0,1.0,15,9,36,3.4231,1.7116,10.6498,3.0,3.0,0.0
LOLTMNT02_356890,2026-02-22 12:02:50,5,T1,Red,0,1893,0.7607,802.0,-44.0,24.0,1.0,1.0,0.0,0.0,1.0,0.0,0.0,9,15,14,3.9303,1.3946,9.4136,2.0,2.0,0.0
LOLTMNT02_360177,2026-02-28 08:23:00,1,Dplus Kia,Blue,0,1734,0.9343,-1455.0,-531.0,-25.0,1.0,0.0,0.0,0.0,0.0,0.0,0.0,9,18,15,3.218,1.1765,7.6125,1.0,1.0,0.0
LOLTMNT02_360177,2026-02-28 08:23:00,1,BNK FEARX,Red,1,1734,0.9343,1455.0,531.0,25.0,0.0,1.0,1.0,1.0,1.0,1.0,1.0,18,9,49,3.9446,1.3495,9.7232,3.0,3.0,0.0
LOLTMNT02_360180,2026-02-28 09:16:16,2,BNK FEARX,Blue,1,2096,0.916,-733.0,-1604.0,-26.0,0.0,1.0,1.0,1.0,1.0,0.0,0.0,20,12,48,4.3798,1.6889,10.7347,3.0,3.0,0.0
LOLTMNT02_360180,2026-02-28 09:16:16,2,Dplus Kia,Red,0,2096,0.916,733.0,1604.0,26.0,1.0,0.0,0.0,0.0,0.0,1.0,1.0,12,20,25,3.4065,1.8607,9.4752,2.0,2.0,0.0
LOLTMNT02_360183,2026-02-28 10:13:45,3,BNK FEARX,Blue,1,1854,1.2621,275.0,-253.0,-17.0,0.0,0.0,1.0,1.0,1.0,1.0,1.0,28,11,57,3.8188,1.3592,9.4498,2.0,2.0,0.0
LOLTMNT02_360183,2026-02-28 10:13:45,3,Dplus Kia,Red,0,1854,1.2621,-275.0,253.0,17.0,1.0,1.0,0.0,0.0,0.0,0.0,0.0,11,28,22,3.5922,1.1974,8.6084,2.0,2.0,0.0
LOLTMNT02_360283,2026-03-01 08:22:46,1,Gen.G,Blue,1,1673,0.9325,545.0,291.0,5.0,1.0,1.0,0.0,1.0,0.0,1.0,0.0,17,9,40,4.2319,2.0442,11.6916,3.0,3.0,0.0
LOLTMNT02_360283,2026-03-01 08:22:46,1,BNK FEARX,Red,0,1673,0.9325,-545.0,-291.0,-5.0,0.0,0.0,1.0,0.0,1.0,0.0,1.0,9,17,16,4.0885,1.5421,10.1136,1.0,1.0,0.0
LOLTMNT02_360285,2026-03-01 09:14:27,2,Gen.G,Blue,1,1447,0.6634,-1397.0,95.0,-20.0,0.0,1.0,0.0,1.0,1.0,0.0,1.0,13,3,40,4.105,1.4927,9.3296,3.0,3.0,0.0
LOLTMNT02_360285,2026-03-01 09:14:27,2,BNK FEARX,Red,0,1447,0.6634,1397.0,-95.0,20.0,1.0,0.0,1.0,0.0,0.0,1.0,0.0,3,13,4,3.5245,1.9074,10.2004,1.0,1.0,0.0
LOLTMNT02_360286,2026-03-01 10:01:17,3,Gen.G,Blue,1,1854,0.6796,1923.0,1397.0,58.0,1.0,1.0,0.0,1.0,0.0,1.0,1.0,18,3,41,3.657,1.8447,11.0032,4.0,4.0,0.0
LOLTMNT02_360286,2026-03-01 10:01:17,3,BNK FEARX,Red,0,1854,0.6796,-1923.0,-1397.0,-58.0,0.0,0.0,1.0,0.0,1.0,0.0,0.0,3,18,7,3.1715,1.4239,7.5081,1.0,1.0,0.0
LOLTMNT02_375568,2026-04-01 08:11:43,1,HANJIN BRION,Blue,0,1927,0.6539,-4929.0,-1904.0,-27.0,0.0,1.0,1.0,0.0,0.0,0.0,0.0,5,16,13,3.5807,1.5568,9.3098,1.0,1.0,0.0
LOLTMNT02_375568,2026-04-01 08:11:43,1,Hanwha Life Esports,Red,1,1927,0.6539,4929.0,1904.0,27.0,1.0,0.0,0.0,1.0,1.0,1.0,1.0,16,5,38,3.9543,1.6814,9.7457,3.0,3.0,0.0
LOLTMNT02_375577,2026-04-01 09:05:37,2,Hanwha Life Esports,Blue,1,1774,1.1499,3094.0,2882.0,28.0,0.0,0.0,1.0,1.0,1.0,1.0,1.0,19,15,42,3.2807,1.6911,10.0451,1.0,1.0,0.0
LOLTMNT02_375577,2026-04-01 09:05:37,2,HANJIN BRION,Red,0,1774,1.1499,-3094.0,-2882.0,-28.0,1.0,1.0,0.0,0.0,0.0,0.0,0.0,15,19,24,3.8557,1.6573,9.9775,3.0,3.0,0.0
LOLTMNT02_374657,2026-04-01 10:23:34,1,KT Rolster,Blue,1,1440,0.5,3118.0,1759.0,52.0,1.0,1.0,1.0,1.0,1.0,1.0,1.0,12,0,27,3.125,1.5833,9.1667,2.0,2.0,0.0
LOLTMNT02_374657,2026-04-01 10:23:34,1,T1,Red,0,1440,0.5,-3118.0,-1759.0,-52.0,0.0,0.0,0.0,0.0,0.0,0.0,0.0,0,12,0,3.3333,1.4583,8.8333,0.0,0.0,0.0
LOLTMNT02_374671,2026-04-01 11:09:27,2,KT Rolster,Blue,1,2434,0.9614,95.0,-1253.0,24.0,0.0,0.0,0.0,1.0,0.0,1.0,0.0,27,12,66,4.2892,1.8735,10.871,3.0,3.0,0.0
LOLTMNT02_374671,2026-04-01 11:09:27,2,T1,Red,0,2434,0.9614,-95.0,1253.0,-24.0,1.0,1.0,1.0,0.0,1.0,0.0,1.0,12,27,23,3.8209,1.8735,10.2301,3.0,3.0,0.0
LOLTMNT02_374985,2026-04-02 08:08:29,1,Nongshim RedForce,Blue,1,1979,0.9096,5002.0,3269.0,72.0,1.0,1.0,1.0,1.0,1.0,1.0,1.0,19,11,36,3.335,2.0616,10.9146,3.0,3.0,0.0
LOLTMNT02_374985,2026-04-02 08:08:29,1,Dplus Kia,Red,0,1979,0.9096,-5002.0,-3269.0,-72.0,0.0,0.0,0.0,0.0,0.0,0.0,0.0,11,19,26,4.093,1.334,8.671,2.0,2.0,0.0
LOLTMNT02_374997,2026-04-02 09:03:28,2,Nongshim RedForce,Blue,1,1406,1.0669,2645.0,3056.0,38.0,1.0,1.0,1.0,1.0,1.0,1.0,1.0,21,4,55,3.2859,1.6643,9.7297,3.0,3.0,0.0
LOLTMNT02_374997,2026-04-02 09:03:28,2,Dplus Kia,Red,0,1406,1.0669,-2645.0,-3056.0,-38.0,0.0,0.0,0.0,0.0,0.0,0.0,0.0,4,21,9,3.3713,1.1522,8.2788,0.0,0.0,0.0
LOLTMNT02_376019,2026-04-02 10:15:16,1,Kiwoom DRX,Blue,0,1999,0.6603,-1658.0,-2619.0,-18.0,0.0,0.0,1.0,1.0,0.0,0.0,1.0,8,14,21,3.3917,1.8609,10.5353,1.0,1.0,0.0
LOLTMNT02_376019,2026-04-02 10:15:16,1,DN SOOPers,Red,1,1999,0.6603,1658.0,2619.0,18.0,1.0,1.0,0.0,0.0,1.0,1.0,0.0,14,8,38,3.992,1.4707,10.1751,4.0,4.0,0.0
LOLTMNT02_376026,2026-04-02 11:09:57,2,Kiwoom DRX,Blue,0,1795,0.9359,1800.0,544.0,-5.0,1.0,0.0,1.0,0.0,1.0,1.0,1.0,6,22,8,3.376,1.5042,10.2284,1.0,1.0,0.0
LOLTMNT02_376026,2026-04-02 11:09:57,2,DN SOOPers,Red,1,1795,0.9359,-1800.0,-544.0,5.0,0.0,1.0,0.0,1.0,0.0,0.0,0.0,22,7,57,3.5432,1.4373,9.8273,3.0,3.0,0.0
LOLTMNT02_377156,2026-04-03 08:10:24,1,KT Rolster,Blue,1,1553,0.8886,1321.0,-392.0,40.0,1.0,0.0,1.0,1.0,1.0,1.0,1.0,14,9,25,3.9794,1.6227,10.7405,3.0,3.0,0.0
LOLTMNT02_377156,2026-04-03 08:10:24,1,Gen.G,Red,0,1553,0.8886,-1321.0,392.0,-40.0,0.0,1.0,0.0,0.0,0.0,0.0,0.0,9,14,15,3.3226,1.5454,9.1951,1.0,1.0,0.0
LOLTMNT02_376203,2026-04-03 08:58:48,2,Gen.G,Blue,1,1717,0.9785,3942.0,3060.0,61.0,1.0,1.0,1.0,1.0,1.0,1.0,1.0,23,5,34,3.7041,2.0268,11.4619,4.0,4.0,0.0
LOLTMNT02_376203,2026-04-03 08:58:48,2,KT Rolster,Red,0,1717,0.9785,-3942.0,-3060.0,-61.0,0.0,0.0,0.0,0.0,0.0,0.0,0.0,5,23,8,3.9837,1.7123,9.8195,0.0,0.0,0.0
LOLTMNT02_376207,2026-04-03 09:48:35,3,Gen.G,Blue,0,1982,1.1201,-176.0,-947.0,49.0,0.0,1.0,0.0,0.0,0.0,1.0,0.0,13,24,29,3.3602,1.8769,10.4743,2.0,2.0,0.0
LOLTMNT02_376207,2026-04-03 09:48:35,3,KT Rolster,Red,1,1982,1.1201,176.0,947.0,-49.0,1.0,0.0,1.0,1.0,1.0,0.0,1.0,24,13,51,3.9051,1.4834,9.5055,3.0,3.0,0.0
LOLTMNT02_376241,2026-04-03 11:10:37,1,HANJIN BRION,Blue,1,2506,0.6225,1289.0,1700.0,28.0,1.0,1.0,1.0,1.0,0.0,1.0,1.0,20,6,45,4.2139,1.5802,10.2474,5.0,4.0,1.0
LOLTMNT02_376241,2026-04-03 11:10:37,1,BNK FEARX,Red,0,2506,0.6225,-1289.0,-1700.0,-28.0,0.0,0.0,0.0,0.0,1.0,0.0,0.0,6,20,15,4.6449,2.0351,11.1812,1.0,0.0,1.0
LOLTMNT02_377199,2026-04-03 12:14:25,2,BNK FEARX,Blue,0,1874,0.5443,1569.0,1164.0,51.0,1.0,0.0,1.0,0.0,1.0,1.0,0.0,3,14,6,3.714,1.3767,9.1889,1.0,1.0,0.0
LOLTMNT02_377199,2026-04-03 12:14:25,2,HANJIN BRION,Red,1,1874,0.5443,-1569.0,-1164.0,-51.0,0.0,1.0,0.0,1.0,0.0,0.0,1.0,14,3,36,3.5539,1.889,10.0854,4.0,4.0,0.0
LOLTMNT02_376401,2026-04-04 08:08:38,1,Hanwha Life Esports,Blue,0,2194,1.0119,-798.0,95.0,0.0,1.0,0.0,0.0,1.0,0.0,0.0,0.0,12,25,23,3.7466,1.9417,10.5561,1.0,1.0,0.0
LOLTMNT02_376401,2026-04-04 08:08:38,1,T1,Red,1,2194,1.0119,798.0,-95.0,0.0,0.0,1.0,0.0,0.0,1.0,1.0,1.0,25,12,59,4.1568,1.8049,11.1851,4.0,4.0,0.0
LOLTMNT02_376413,2026-04-04 09:08:12,2,T1,Blue,1,2073,0.5499,30.0,1307.0,-19.0,0.0,0.0,1.0,1.0,1.0,1.0,1.0,11,8,18,4.1389,1.7656,9.9566,3.0,3.0,0.0
LOLTMNT02_376413,2026-04-04 09:08:12,2,Hanwha Life Esports,Red,0,2073,0.5499,-30.0,-1307.0,19.0,1.0,1.0,0.0,0.0,0.0,0.0,0.0,8,11,22,3.7337,2.3444,10.5644,2.0,2.0,0.0
LOLTMNT02_377394,2026-04-04 10:30:33,1,Dplus Kia,Blue,1,1771,0.8131,3266.0,1969.0,65.0,1.0,1.0,1.0,1.0,1.0,1.0,1.0,17,7,41,3.4557,1.694,10.6042,1.0,1.0,0.0
LOLTMNT02_377394,2026-04-04 10:30:33,1,Kiwoom DRX,Red,0,1771,0.8131,-3266.0,-1969.0,-65.0,0.0,0.0,0.0,0.0,0.0,0.0,0.0,7,17,18,3.5912,1.3552,8.9102,3.0,3.0,0.0
LOLTMNT02_376440,2026-04-04 11:29:13,2,Dplus Kia,Blue,1,2267,0.9263,1266.0,36.0,55.0,1.0,0.0,0.0,0.0,1.0,1.0,1.0,17,18,27,3.3613,1.2969,10.4808,0.0,0.0,0.0
LOLTMNT02_376440,2026-04-04 11:29:13,2,Kiwoom DRX,Red,0,2267,0.9263,-1266.0,-36.0,-55.0,0.0,1.0,1.0,1.0,0.0,0.0,0.0,18,17,34,3.5465,1.2969,9.8721,4.0,4.0,0.0
LOLTMNT02_377509,2026-04-05 08:10:33,1,Nongshim RedForce,Blue,1,1963,0.8864,-2278.0,-2154.0,6.0,1.0,0.0,1.0,1.0,0.0,1.0,0.0,16,13,38,3.4233,1.8645,9.8421,0.0,0.0,0.0
LOLTMNT02_377509,2026-04-05 08:10:33,1,DN SOOPers,Red,0,1963,0.8864,2278.0,2154.0,-6.0,0.0,1.0,0.0,0.0,1.0,0.0,1.0,13,16,13,4.0346,1.62,10.3311,4.0,4.0,0.0
LOLTMNT02_377512,2026-04-05 09:04:05,2,Nongshim RedForce,Blue,1,1993,1.144,2938.0,2300.0,68.0,1.0,1.0,1.0,0.0,1.0,1.0,1.0,26,12,63,3.5825,1.4752,9.5133,5.0,4.0,1.0
LOLTMNT02_377512,2026-04-05 09:04:05,2,DN SOOPers,Red,0,1993,1.144,-2938.0,-2300.0,-68.0,0.0,0.0,0.0,1.0,0.0,0.0,0.0,12,26,28,3.7331,1.144,8.9112,0.0,0.0,0.0
LOLTMNT02_376564,2026-04-05 10:22:53,1,Gen.G,Blue,1,1646,1.3123,3675.0,3071.0,22.0,1.0,0.0,1.0,0.0,1.0,1.0,1.0,26,10,59,3.7181,1.4945,9.514,3.0,3.0,0.0
LOLTMNT02_376564,2026-04-05 10:22:53,1,BNK FEARX,Red,0,1646,1.3123,-3675.0,-3071.0,-22.0,0.0,1.0,0.0,0.0,0.0,0.0,0.0,10,26,24,3.5358,1.3852,9.4046,1.0,1.0,0.0
LOLTMNT02_376566,2026-04-05 11:13:31,2,Gen.G,Blue,1,1895,0.8232,702.0,-82.0,20.0,1.0,0.0,0.0,1.0,1.0,0.0,1.0,18,8,58,3.4512,2.1214,10.6385,2.0,2.0,0.0
LOLTMNT02_376566,2026-04-05 11:13:31,2,BNK FEARX,Red,0,1895,0.8232,-702.0,82.0,-20.0,0.0,1.0,1.0,0.0,0.0,1.0,0.0,8,18,28,3.7995,1.3298,8.8971,3.0,3.0,0.0
LOLTMNT01_360022,2026-04-08 08:06:29,1,Hanwha Life Esports,Blue,1,2222,1.0531,2733.0,1564.0,40.0,1.0,0.0,1.0,1.0,1.0,1.0,1.0,24,15,62,3.6994,2.1062,11.7192,4.0,4.0,0.0
LOLTMNT01_360022,2026-04-08 08:06:29,1,Dplus Kia,Red,0,2222,1.0531,-2733.0,-1564.0,-40.0,0.0,1.0,0.0,0.0,0.0,0.0,0.0,15,24,32,4.2394,1.6472,9.91,1.0,1.0,0.0
LOLTMNT01_360035,2026-04-08 09:04:42,2,Hanwha Life Esports,Blue,1,1605,0.9346,3461.0,443.0,18.0,1.0,1.0,1.0,1.0,1.0,1.0,1.0,17,9,37,3.4393,1.9813,10.2804,4.0,4.0,0.0
LOLTMNT01_360035,2026-04-08 09:04:42,2,Dplus Kia,Red,0,1605,0.9346,-3461.0,-443.0,-18.0,0.0,0.0,0.0,0.0,0.0,0.0,0.0,8,17,14,3.5514,1.4953,8.6355,0.0,0.0,0.0
LOLTMNT01_360054,2026-04-08 10:19:02,1,Gen.G,Blue,1,1552,0.8505,-1483.0,683.0,-10.0,1.0,1.0,1.0,1.0,0.0,1.0,1.0,16,6,43,4.0206,1.6237,10.6314,4.0,4.0,0.0
LOLTMNT01_360054,2026-04-08 10:19:02,1,T1,Red,0,1552,0.8505,1483.0,-683.0,10.0,0.0,0.0,0.0,0.0,1.0,0.0,0.0,6,16,8,3.5954,1.5851,10.0515,0.0,0.0,0.0
LOLTMNT01_360067,2026-04-08 11:07:42,2,Gen.G,Blue,1,1746,0.8591,2059.0,1411.0,48.0,1.0,1.0,1.0,1.0,1.0,1.0,1.0,19,6,49,3.6426,1.8557,10.4811,4.0,4.0,0.0
LOLTMNT01_360067,2026-04-08 11:07:42,2,T1,Red,0,1746,0.8591,-2059.0,-1411.0,-48.0,0.0,0.0,0.0,0.0,0.0,0.0,0.0,6,19,15,3.5052,1.2715,8.7285,0.0,0.0,0.0
LOLTMNT01_359784,2026-04-09 08:06:21,1,Kiwoom DRX,Blue,0,1836,0.915,-495.0,-516.0,31.0,0.0,0.0,1.0,0.0,1.0,1.0,1.0,5,24,15,3.6601,1.5686,10.1307,0.0,0.0,0.0
LOLTMNT01_359784,2026-04-09 08:06:21,1,HANJIN BRION,Red,1,1836,0.915,495.0,516.0,-31.0,1.0,1.0,0.0,1.0,0.0,0.0,0.0,23,5,45,3.7908,1.4706,9.8693,4.0,4.0,0.0
LOLTMNT01_359808,2026-04-09 09:00:11,2,HANJIN BRION,Blue,0,2868,1.1088,3361.0,2780.0,16.0,1.0,0.0,0.0,1.0,1.0,1.0,1.0,26,27,51,4.3305,1.4226,10.7322,3.0,3.0,0.0
LOLTMNT01_359808,2026-04-09 09:00:11,2,Kiwoom DRX,Red,1,2868,1.1088,-3361.0,-2780.0,-16.0,0.0,1.0,0.0,0.0,0.0,0.0,0.0,27,26,73,3.4519,1.8201,10.9833,4.0,4.0,0.0
LOLTMNT01_359829,2026-04-09 10:10:03,3,Kiwoom DRX,Blue,1,1674,0.7527,1334.0,300.0,26.0,1.0,1.0,1.0,1.0,1.0,1.0,1.0,14,7,31,3.4767,1.6846,9.8208,4.0,4.0,0.0
LOLTMNT01_359829,2026-04-09 10:10:03,3,HANJIN BRION,Red,0,1674,0.7527,-1334.0,-300.0,-26.0,0.0,0.0,0.0,0.0,0.0,0.0,0.0,7,14,19,3.5125,1.4337,9.2115,0.0,0.0,0.0
LOLTMNT01_359892,2026-04-09 11:25:00,1,Nongshim RedForce,Blue,0,2275,1.1077,641.0,-452.0,28.0,1.0,0.0,1.0,1.0,1.0,1.0,1.0,19,23,46,3.7451,2.0044,11.2088,2.0,2.0,0.0
LOLTMNT01_359892,2026-04-09 11:25:00,1,KT Rolster,Red,1,2275,1.1077,-641.0,452.0,-28.0,0.0,1.0,0.0,0.0,0.0,0.0,0.0,23,19,51,4.5363,1.556,11.0242,3.0,3.0,0.0
LOLTMNT01_359914,2026-04-09 12:25:37,2,KT Rolster,Blue,1,1728,1.4236,3394.0,2898.0,60.0,0.0,0.0,0.0,1.0,1.0,1.0,1.0,28,13,78,3.8542,1.0069,9.0972,1.0,1.0,0.0
LOLTMNT01_359914,2026-04-09 12:25:37,2,Nongshim RedForce,Red,0,1728,1.4236,-3394.0,-2898.0,-60.0,1.0,1.0,1.0,0.0,0.0,0.0,0.0,13,28,32,3.2639,1.5278,9.4097,3.0,3.0,0.0
LOLTMNT01_362027,2026-04-10 08:09:34,1,DN SOOPers,Blue,0,1760,1.1932,-3032.0,-2515.0,-27.0,0.0,0.0,0.0,0.0,1.0,0.0,0.0,10,25,22,3.2386,2.0455,10.5,0.0,0.0,0.0
LOLTMNT01_362027,2026-04-10 08:09:34,1,T1,Red,1,1760,1.1932,3032.0,2515.0,27.0,1.0,1.0,1.0,1.0,0.0,1.0,1.0,25,10,54,4.2955,1.5341,10.0568,4.0,4.0,0.0
LOLTMNT01_361274,2026-04-10 09:00:46,2,T1,Blue,1,1450,0.7862,-639.0,-481.0,13.0,1.0,1.0,1.0,0.0,1.0,1.0,1.0,11,8,36,3.2276,1.531,8.8138,3.0,3.0,0.0
LOLTMNT01_361274,2026-04-10 09:00:46,2,DN SOOPers,Red,0,1450,0.7862,639.0,481.0,-13.0,0.0,0.0,0.0,0.0,0.0,0.0,0.0,8,11,12,3.3517,1.4897,8.4828,0.0,0.0,0.0
LOLTMNT01_362077,2026-04-10 10:10:47,1,BNK FEARX,Blue,0,1482,1.1741,-1567.0,-1785.0,-52.0,1.0,1.0,0.0,0.0,0.0,0.0,0.0,6,23,12,3.5628,0.9717,8.0162,1.0,1.0,0.0
LOLTMNT01_362077,2026-04-10 10:10:47,1,Hanwha Life Esports,Red,1,1482,1.1741,1567.0,1785.0,52.0,0.0,0.0,1.0,1.0,1.0,1.0,1.0,23,6,54,3.7247,1.3765,9.2713,1.0,1.0,0.0
LOLTMNT01_361313,2026-04-10 10:57:44,2,Hanwha Life Esports,Blue,0,1643,1.2051,2323.0,743.0,-5.0,1.0,0.0,1.0,0.0,1.0,0.0,0.0,10,23,19,3.7979,1.6799,9.8965,1.0,1.0,0.0
LOLTMNT01_361313,2026-04-10 10:57:44,2,BNK FEARX,Red,1,1643,1.2051,-2323.0,-743.0,5.0,0.0,1.0,0.0,1.0,0.0,1.0,1.0,23,11,53,3.944,2.045,10.5173,3.0,3.0,0.0
LOLTMNT01_361350,2026-04-10 11:46:50,3,BNK FEARX,Blue,0,1425,1.3895,-2690.0,-3459.0,-69.0,1.0,0.0,1.0,0.0,1.0,1.0,0.0,10,23,20,3.4105,1.5579,9.3474,0.0,0.0,0.0
LOLTMNT01_361350,2026-04-10 11:46:50,3,Hanwha Life Esports,Red,1,1425,1.3895,2690.0,3459.0,69.0,0.0,1.0,0.0,1.0,0.0,0.0,1.0,23,10,60,3.5368,1.8947,9.3895,3.0,3.0,0.0
LOLTMNT01_362622,2026-04-11 08:06:17,1,Kiwoom DRX,Blue,1,1964,1.0692,-2929.0,-674.0,-9.0,0.0,0.0,1.0,1.0,0.0,0.0,0.0,24,11,44,3.9104,1.7108,10.5703,3.0,3.0,0.0
LOLTMNT01_362622,2026-04-11 08:06:17,1,Nongshim RedForce,Red,0,1964,1.0692,2929.0,674.0,9.0,1.0,1.0,0.0,0.0,1.0,1.0,1.0,11,24,24,3.3299,1.6497,9.6538,2.0,2.0,0.0
LOLTMNT01_362650,2026-04-11 08:59:12,2,Kiwoom DRX,Blue,1,1701,0.7407,1144.0,1826.0,30.0,0.0,1.0,0.0,1.0,0.0,1.0,1.0,14,7,37,3.3862,1.6578,10.0882,2.0,2.0,0.0
LOLTMNT01_362650,2026-04-11 08:59:12,2,Nongshim RedForce,Red,0,1701,0.7407,-1144.0,-1826.0,-30.0,1.0,0.0,1.0,0.0,1.0,0.0,0.0,7,14,14,3.2099,1.3757,8.6067,1.0,1.0,0.0
LOLTMNT01_361912,2026-04-11 10:14:53,1,Dplus Kia,Blue,1,1742,0.6544,208.0,424.0,26.0,0.0,0.0,1.0,1.0,1.0,1.0,1.0,13,6,35,4.0299,1.6188,9.9196,1.0,1.0,0.0
LOLTMNT01_361912,2026-04-11 10:14:53,1,Gen.G,Red,0,1742,0.6544,-208.0,-424.0,-26.0,1.0,1.0,0.0,0.0,0.0,0.0,0.0,6,13,15,3.8232,1.8255,10.5741,3.0,3.0,0.0
LOLTMNT01_361920,2026-04-11 11:07:33,2,Gen.G,Blue,0,2253,0.6125,-656.0,-900.0,-17.0,0.0,0.0,0.0,1.0,0.0,0.0,0.0,6,17,9,3.2224,1.9441,10.1465,3.0,3.0,0.0
LOLTMNT01_361920,2026-04-11 11:07:33,2,Dplus Kia,Red,1,2253,0.6125,656.0,900.0,17.0,1.0,1.0,1.0,0.0,1.0,1.0,1.0,17,6,42,3.3822,1.8908,10.7057,3.0,3.0,0.0
LOLTMNT01_364097,2026-04-12 08:05:05,1,BNK FEARX,Blue,1,1816,1.0573,3827.0,3681.0,38.0,1.0,1.0,1.0,0.0,1.0,1.0,1.0,22,10,62,3.7996,2.1476,11.1013,4.0,4.0,0.0
LOLTMNT01_364097,2026-04-12 08:05:05,1,DN SOOPers,Red,0,1816,1.0573,-3827.0,-3681.0,-38.0,0.0,0.0,0.0,1.0,0.0,0.0,0.0,10,22,22,4.4604,1.7181,10.804,1.0,1.0,0.0
LOLTMNT01_363354,2026-04-12 08:56:52,2,BNK FEARX,Blue,1,1562,0.8835,-988.0,-189.0,-7.0,0.0,0.0,1.0,1.0,1.0,1.0,1.0,15,8,37,3.3035,1.4981,9.0653,1.0,1.0,0.0
LOLTMNT01_363354,2026-04-12 08:56:52,2,DN SOOPers,Red,0,1562,0.8835,988.0,189.0,7.0,1.0,1.0,0.0,0.0,0.0,0.0,0.0,8,15,17,3.8796,1.1524,8.758,1.0,1.0,0.0
LOLTMNT01_364137,2026-04-12 10:09:24,1,KT Rolster,Blue,1,1485,0.6869,4575.0,4069.0,53.0,1.0,1.0,1.0,1.0,1.0,1.0,1.0,17,0,43,3.798,1.7374,11.3131,3.0,3.0,0.0
LOLTMNT01_364137,2026-04-12 10:09:24,1,HANJIN BRION,Red,0,1485,0.6869,-4575.0,-4069.0,-53.0,0.0,0.0,0.0,0.0,0.0,0.0,0.0,0,17,0,3.2727,1.6162,8.6465,0.0,0.0,0.0
LOLTMNT01_364149,2026-04-12 10:55:22,2,KT Rolster,Blue,1,2001,0.6597,2155.0,1985.0,1.0,1.0,1.0,0.0,1.0,0.0,1.0,1.0,18,4,41,3.988,2.2789,11.5742,4.0,4.0,0.0
LOLTMNT01_364149,2026-04-12 10:55:22,2,HANJIN BRION,Red,0,2001,0.6597,-2155.0,-1985.0,-1.0,0.0,0.0,1.0,0.0,1.0,0.0,0.0,4,18,6,3.8981,1.7991,10.2249,1.0,1.0,0.0
LOLTMNT01_365453,2026-04-15 08:04:27,1,BNK FEARX,Blue,0,1597,1.2023,-3504.0,-2258.0,-7.0,1.0,1.0,0.0,0.0,1.0,0.0,0.0,11,21,16,3.757,1.1647,8.7915,2.0,2.0,0.0
LOLTMNT01_365453,2026-04-15 08:04:27,1,Nongshim RedForce,Red,1,1597,1.2023,3504.0,2258.0,7.0,0.0,0.0,1.0,1.0,0.0,1.0,1.0,21,11,52,3.757,1.7282,10.3319,2.0,2.0,0.0
LOLTMNT01_365467,2026-04-15 08:53:44,2,BNK FEARX,Blue,0,1794,1.2709,-3011.0,-2289.0,5.0,0.0,0.0,1.0,0.0,1.0,0.0,0.0,10,28,31,3.7124,1.2375,9.0635,2.0,2.0,0.0
LOLTMNT01_365467,2026-04-15 08:53:44,2,Nongshim RedForce,Red,1,1794,1.2709,3011.0,2289.0,-5.0,1.0,1.0,0.0,1.0,0.0,1.0,1.0,28,10,88,3.6455,1.5385,9.699,2.0,2.0,0.0
LOLTMNT01_366241,2026-04-15 10:10:22,1,Dplus Kia,Blue,1,1914,0.5956,1506.0,-94.0,-5.0,1.0,1.0,1.0,1.0,0.0,1.0,1.0,14,5,29,4.6708,2.1003,11.442,4.0,4.0,0.0
LOLTMNT01_366241,2026-04-15 10:10:22,1,KT Rolster,Red,0,1914,0.5956,-1506.0,94.0,5.0,0.0,0.0,0.0,0.0,1.0,0.0,0.0,5,14,12,4.326,2.163,11.0972,0.0,0.0,0.0
LOLTMNT01_366261,2026-04-15 11:04:40,2,KT Rolster,Blue,1,2424,1.1881,226.0,-241.0,-6.0,1.0,1.0,1.0,1.0,0.0,1.0,1.0,33,15,58,4.0594,1.9307,12.005,5.0,4.0,1.0
LOLTMNT01_366261,2026-04-15 11:04:40,2,Dplus Kia,Red,0,2424,1.1881,-226.0,241.0,6.0,0.0,0.0,0.0,0.0,1.0,0.0,0.0,15,33,32,4.0842,1.4851,10.3713,0.0,0.0,0.0
LOLTMNT01_366284,2026-04-15 12:08:03,3,KT Rolster,Blue,1,2728,0.6598,-3989.0,-3565.0,-56.0,0.0,1.0,0.0,0.0,0.0,0.0,0.0,21,9,60,4.2009,2.1994,11.349,4.0,4.0,0.0
LOLTMNT01_366284,2026-04-15 12:08:03,3,Dplus Kia,Red,0,2728,0.6598,3989.0,3565.0,56.0,1.0,0.0,1.0,1.0,1.0,1.0,1.0,9,21,20,3.783,1.8475,10.2713,2.0,2.0,0.0
LOLTMNT01_366570,2026-04-16 08:07:45,1,HANJIN BRION,Blue,0,1751,0.8567,4040.0,1172.0,39.0,1.0,1.0,1.0,0.0,1.0,1.0,0.0,9,16,18,3.3923,1.7818,10.4512,2.0,2.0,0.0
LOLTMNT01_366570,2026-04-16 08:07:45,1,Gen.G,Red,1,1751,0.8567,-4040.0,-1172.0,-39.0,0.0,0.0,0.0,1.0,0.0,0.0,1.0,16,9,42,3.7693,1.6105,9.4575,3.0,3.0,0.0
LOLTMNT01_365803,2026-04-16 09:01:02,2,Gen.G,Blue,1,1944,0.9568,2450.0,1712.0,100.0,1.0,0.0,1.0,1.0,1.0,1.0,1.0,21,10,51,3.8889,1.9753,10.5556,4.0,4.0,0.0
LOLTMNT01_365803,2026-04-16 09:01:02,2,HANJIN BRION,Red,0,1944,0.9568,-2450.0,-1712.0,-100.0,0.0,1.0,0.0,0.0,0.0,0.0,0.0,10,21,25,3.2099,1.1728,8.2407,1.0,1.0,0.0
LOLTMNT01_366617,2026-04-16 10:19:53,1,DN SOOPers,Blue,0,1366,1.2299,-6639.0,-5196.0,-75.0,0.0,1.0,0.0,0.0,0.0,0.0,0.0,4,24,9,3.1625,1.0102,7.5988,1.0,1.0,0.0
LOLTMNT01_366617,2026-04-16 10:19:53,1,Hanwha Life Esports,Red,1,1366,1.2299,6639.0,5196.0,75.0,1.0,0.0,1.0,1.0,1.0,1.0,1.0,24,4,48,3.3382,1.757,9.795,2.0,2.0,0.0
LOLTMNT01_365830,2026-04-16 11:03:24,2,Hanwha Life Esports,Blue,1,1925,1.0909,190.0,-702.0,19.0,0.0,0.0,1.0,0.0,1.0,1.0,1.0,18,17,46,3.4286,1.9013,10.6286,2.0,2.0,0.0
LOLTMNT01_365830,2026-04-16 11:03:24,2,DN SOOPers,Red,0,1925,1.0909,-190.0,702.0,-19.0,1.0,1.0,0.0,1.0,0.0,0.0,0.0,17,18,40,3.8649,1.6519,9.9429,2.0,2.0,0.0
LOLTMNT01_367097,2026-04-17 08:09:20,1,BNK FEARX,Blue,1,1461,0.8624,3662.0,2627.0,16.0,1.0,1.0,1.0,1.0,1.0,1.0,1.0,17,4,25,3.5318,1.4374,9.4456,4.0,4.0,0.0
LOLTMNT01_367097,2026-04-17 08:09:20,1,Kiwoom DRX,Red,0,1461,0.8624,-3662.0,-2627.0,-16.0,0.0,0.0,0.0,0.0,0.0,0.0,0.0,4,17,12,3.3676,1.0267,7.9671,0.0,0.0,0.0
LOLTMNT01_367103,2026-04-17 08:56:00,2,BNK FEARX,Blue,1,2047,0.85,-522.0,-1169.0,-33.0,1.0,1.0,1.0,1.0,0.0,0.0,1.0,20,9,58,3.8398,1.319,9.2623,2.0,2.0,0.0
LOLTMNT01_367103,2026-04-17 08:56:00,2,Kiwoom DRX,Red,0,2047,0.85,522.0,1169.0,33.0,0.0,0.0,0.0,0.0,1.0,1.0,0.0,9,20,20,3.1656,1.7294,9.8486,3.0,3.0,0.0
LOLTMNT01_367128,2026-04-17 10:18:08,1,T1,Blue,0,2045,0.5575,-2841.0,-385.0,-3.0,0.0,0.0,1.0,0.0,0.0,0.0,0.0,2,17,3,3.8142,1.7604,9.7408,0.0,0.0,0.0
LOLTMNT01_367128,2026-04-17 10:18:08,1,Dplus Kia,Red,1,2045,0.5575,2841.0,385.0,3.0,1.0,1.0,0.0,1.0,1.0,1.0,1.0,17,2,36,4.1369,1.643,11.0905,4.0,4.0,0.0
LOLTMNT01_367136,2026-04-17 11:14:57,2,Dplus Kia,Blue,0,1773,0.643,-1372.0,267.0,-3.0,0.0,0.0,0.0,0.0,1.0,1.0,0.0,4,15,10,3.6548,1.6582,9.8477,1.0,1.0,0.0
LOLTMNT01_367136,2026-04-17 11:14:57,2,T1,Red,1,1773,0.643,1372.0,-267.0,3.0,1.0,1.0,0.0,1.0,0.0,0.0,1.0,15,4,31,3.6887,1.5567,9.4078,3.0,3.0,0.0
LOLTMNT01_366902,2026-04-17 12:07:48,3,T1,Blue,0,2161,1.2217,2672.0,97.0,-9.0,1.0,1.0,0.0,0.0,1.0,1.0,1.0,17,27,31,4.5812,2.1101,12.3276,1.0,1.0,0.0
LOLTMNT01_366902,2026-04-17 12:07:48,3,Dplus Kia,Red,1,2161,1.2217,-2672.0,-97.0,9.0,0.0,0.0,1.0,1.0,0.0,0.0,0.0,27,17,45,4.609,1.4993,10.2453,3.0,3.0,0.0
LOLTMNT01_368128,2026-04-18 08:07:24,1,Gen.G,Blue,0,1773,1.0829,-1968.0,-1642.0,-12.0,0.0,0.0,0.0,0.0,0.0,0.0,0.0,8,24,16,3.3841,1.6244,9.78,0.0,0.0,0.0
LOLTMNT01_368128,2026-04-18 08:07:24,1,Hanwha Life Esports,Red,1,1773,1.0829,1968.0,1642.0,12.0,1.0,1.0,1.0,1.0,1.0,1.0,1.0,24,8,66,3.5533,1.4552,9.3401,4.0,4.0,0.0
LOLTMNT01_368133,2026-04-18 09:00:18,2,Hanwha Life Esports,Blue,1,2009,1.0752,401.0,-201.0,-30.0,0.0,0.0,0.0,1.0,0.0,0.0,1.0,23,13,67,4.1215,1.5829,10.3634,1.0,1.0,0.0
LOLTMNT01_368133,2026-04-18 09:00:18,2,Gen.G,Red,0,2009,1.0752,-401.0,201.0,30.0,1.0,1.0,1.0,0.0,1.0,1.0,0.0,13,23,38,3.4943,1.7919,10.1543,4.0,4.0,0.0
LOLTMNT01_368165,2026-04-18 10:19:42,1,DN SOOPers,Blue,0,1688,0.4621,-3376.0,-2299.0,-48.0,0.0,0.0,0.0,0.0,0.0,0.0,0.0,1,12,1,3.4123,1.7773,9.455,0.0,0.0,0.0
LOLTMNT01_368165,2026-04-18 10:19:42,1,KT Rolster,Red,1,1688,0.4621,3376.0,2299.0,48.0,1.0,1.0,1.0,0.0,1.0,1.0,1.0,12,1,23,3.59,1.9905,10.6635,4.0,4.0,0.0
LOLTMNT01_367338,2026-04-18 11:10:20,2,KT Rolster,Blue,1,1647,0.8743,2530.0,1186.0,36.0,1.0,1.0,1.0,1.0,1.0,1.0,1.0,18,6,42,3.3515,2.2222,10.8561,4.0,4.0,0.0
LOLTMNT01_367338,2026-04-18 11:10:20,2,DN SOOPers,Red,0,1647,0.8743,-2530.0,-1186.0,-36.0,0.0,0.0,0.0,0.0,0.0,0.0,0.0,6,18,14,3.3151,1.1293,7.6138,0.0,0.0,0.0
LOLTMNT01_368322,2026-04-19 08:06:04,1,HANJIN BRION,Blue,1,2208,0.9239,950.0,426.0,-26.0,1.0,0.0,1.0,1.0,0.0,1.0,0.0,23,11,63,4.1576,1.3859,9.7826,3.0,3.0,0.0
LOLTMNT01_368322,2026-04-19 08:06:04,1,Nongshim RedForce,Red,0,2208,0.9239,-950.0,-426.0,26.0,0.0,1.0,0.0,0.0,1.0,0.0,1.0,11,23,25,3.4783,1.7391,10.5163,3.0,3.0,0.0
LOLTMNT01_367468,2026-04-19 09:06:05,2,Nongshim RedForce,Blue,1,2008,0.7769,66.0,2069.0,50.0,1.0,0.0,1.0,1.0,0.0,1.0,1.0,14,12,33,3.6753,2.3008,11.4741,4.0,4.0,0.0
LOLTMNT01_367468,2026-04-19 09:06:05,2,HANJIN BRION,Red,0,2008,0.7769,-66.0,-2069.0,-50.0,0.0,1.0,0.0,0.0,1.0,0.0,0.0,12,14,23,4.3327,1.0159,8.9641,1.0,1.0,0.0
LOLTMNT01_368343,2026-04-19 10:01:26,3,HANJIN BRION,Blue,0,2187,0.8779,-158.0,-494.0,-19.0,1.0,0.0,1.0,0.0,0.0,0.0,0.0,13,19,30,4.1975,1.0425,9.6022,1.0,1.0,0.0
LOLTMNT01_368343,2026-04-19 10:01:26,3,Nongshim RedForce,Red,1,2187,0.8779,158.0,494.0,19.0,0.0,1.0,0.0,1.0,1.0,1.0,1.0,19,13,42,3.7037,1.7558,10.7545,4.0,4.0,0.0
LOLTMNT01_368366,2026-04-19 11:23:50,1,T1,Blue,1,1911,0.9105,2818.0,2105.0,42.0,1.0,0.0,1.0,0.0,1.0,1.0,1.0,20,9,41,3.9246,1.6954,10.7692,3.0,3.0,0.0
LOLTMNT01_368366,2026-04-19 11:23:50,1,Kiwoom DRX,Red,0,1911,0.9105,-2818.0,-2105.0,-42.0,0.0,1.0,0.0,1.0,0.0,0.0,0.0,9,20,23,3.3909,2.0408,10.7692,2.0,2.0,0.0
LOLTMNT01_368375,2026-04-19 12:15:21,2,T1,Blue,1,2235,0.7517,1440.0,317.0,40.0,1.0,0.0,1.0,0.0,1.0,1.0,1.0,17,11,33,3.7584,1.8255,10.2282,3.0,3.0,0.0
LOLTMNT01_368375,2026-04-19 12:15:21,2,Kiwoom DRX,Red,0,2235,0.7517,-1440.0,-317.0,-40.0,0.0,1.0,0.0,0.0,0.0,0.0,0.0,11,17,17,3.2215,1.9866,10.5235,3.0,3.0,0.0
LOLTMNT02_384269,2026-04-22 08:04:37,1,Kiwoom DRX,Blue,0,2220,1.1081,478.0,633.0,-39.0,1.0,0.0,1.0,0.0,0.0,1.0,1.0,17,24,32,3.7297,1.5405,10.3784,3.0,3.0,0.0
LOLTMNT02_384269,2026-04-22 08:04:37,1,KT Rolster,Red,1,2220,1.1081,-478.0,-633.0,39.0,0.0,1.0,0.0,1.0,1.0,0.0,0.0,24,17,63,4.0,1.6216,10.5946,2.0,2.0,0.0
LOLTMNT02_383295,2026-04-22 09:04:09,2,Kiwoom DRX,Blue,0,1493,1.0449,-3229.0,-1494.0,-53.0,0.0,0.0,0.0,0.0,0.0,0.0,0.0,6,20,11,3.215,1.5271,9.1628,0.0,0.0,0.0
LOLTMNT02_383295,2026-04-22 09:04:09,2,KT Rolster,Red,1,1493,1.0449,3229.0,1494.0,53.0,1.0,1.0,1.0,1.0,1.0,1.0,1.0,20,6,50,3.8178,1.4066,9.5244,4.0,4.0,0.0
LOLTMNT02_383315,2026-04-22 10:16:00,1,Hanwha Life Esports,Blue,1,1729,0.7287,2001.0,-1763.0,12.0,1.0,0.0,1.0,1.0,0.0,0.0,0.0,16,5,41,3.2967,1.631,9.6125,3.0,3.0,0.0
LOLTMNT02_383315,2026-04-22 10:16:00,1,Nongshim RedForce,Red,0,1729,0.7287,-2001.0,1763.0,-12.0,0.0,1.0,0.0,0.0,1.0,1.0,1.0,5,16,8,3.262,1.4228,9.1267,1.0,1.0,0.0
LOLTMNT02_384348,2026-04-22 11:06:38,2,Hanwha Life Esports,Blue,0,2168,1.024,67.0,-249.0,17.0,1.0,0.0,1.0,1.0,1.0,1.0,1.0,11,27,24,4.0959,1.5498,10.0185,0.0,0.0,0.0
LOLTMNT02_384348,2026-04-22 11:06:38,2,Nongshim RedForce,Red,1,2168,1.024,-67.0,249.0,-17.0,0.0,1.0,0.0,0.0,0.0,0.0,0.0,26,11,54,3.1827,1.9926,10.3782,5.0,4.0,1.0
LOLTMNT02_384385,2026-04-22 12:05:40,3,Nongshim RedForce,Blue,0,1849,1.1357,-229.0,-1335.0,-9.0,0.0,0.0,1.0,0.0,1.0,1.0,1.0,15,20,35,2.9854,1.2655,7.9178,1.0,1.0,0.0
LOLTMNT02_384385,2026-04-22 12:05:40,3,Hanwha Life Esports,Red,1,1849,1.1357,229.0,1335.0,9.0,1.0,1.0,0.0,1.0,0.0,0.0,0.0,20,15,49,3.2774,1.4278,9.7674,3.0,3.0,0.0
LOLTMNT05_186248,2026-04-23 08:05:27,1,HANJIN BRION,Blue,0,2200,0.6273,-155.0,1456.0,21.0,0.0,0.0,1.0,0.0,1.0,0.0,0.0,8,15,15,4.2,1.9909,11.1273,3.0,3.0,0.0
LOLTMNT05_186248,2026-04-23 08:05:27,1,Dplus Kia,Red,1,2200,0.6273,155.0,-1456.0,-21.0,1.0,1.0,0.0,1.0,0.0,1.0,1.0,15,8,35,4.3636,2.1545,11.5636,3.0,3.0,0.0
LOLTMNT05_186249,2026-04-23 09:03:37,2,Dplus Kia,Blue,1,1553,1.0431,7115.0,3316.0,79.0,1.0,1.0,1.0,1.0,1.0,1.0,1.0,21,6,58,3.2067,1.6613,9.5428,3.0,3.0,0.0
LOLTMNT05_186249,2026-04-23 09:03:37,2,HANJIN BRION,Red,0,1553,1.0431,-7115.0,-3316.0,-79.0,0.0,0.0,0.0,0.0,0.0,0.0,0.0,6,21,13,3.1294,1.0431,7.0702,1.0,1.0,0.0
LOLTMNT05_186273,2026-04-23 10:15:14,1,DN SOOPers,Blue,0,2277,0.7378,-728.0,-511.0,-8.0,0.0,0.0,0.0,1.0,0.0,0.0,0.0,13,15,39,4.0053,2.2925,11.8314,2.0,2.0,0.0
LOLTMNT05_186273,2026-04-23 10:15:14,1,Gen.G,Red,1,2277,0.7378,728.0,511.0,8.0,1.0,1.0,1.0,0.0,1.0,1.0,1.0,15,13,40,4.3478,2.2134,12.4638,3.0,3.0,0.0
LOLTMNT05_186277,2026-04-23 11:13:51,2,Gen.G,Blue,1,1536,0.8594,1725.0,-259.0,18.0,0.0,0.0,1.0,1.0,1.0,0.0,1.0,16,6,34,3.4375,1.4063,8.9453,2.0,2.0,0.0
LOLTMNT05_186277,2026-04-23 11:13:51,2,DN SOOPers,Red,0,1536,0.8594,-1725.0,259.0,-18.0,1.0,1.0,0.0,0.0,0.0,1.0,0.0,6,16,10,2.8125,1.1328,7.3047,1.0,1.0,0.0
LOLTMNT05_185400,2026-04-24 08:07:08,1,BNK FEARX,Blue,0,2696,0.8012,-2798.0,-1460.0,-39.0,0.0,0.0,1.0,1.0,0.0,1.0,0.0,13,23,37,4.0727,2.1365,11.2834,3.0,3.0,0.0
LOLTMNT05_185400,2026-04-24 08:07:08,1,KT Rolster,Red,1,2696,0.8012,2798.0,1460.0,39.0,1.0,1.0,0.0,0.0,1.0,0.0,1.0,23,14,63,4.1395,1.8694,10.8605,4.0,4.0,0.0
LOLTMNT05_185401,2026-04-24 09:15:07,2,BNK FEARX,Blue,0,1892,1.2051,-6289.0,-4011.0,-55.0,0.0,1.0,1.0,1.0,0.0,0.0,0.0,12,26,24,3.9958,1.0148,7.8647,1.0,1.0,0.0
LOLTMNT05_185401,2026-04-24 09:15:07,2,KT Rolster,Red,1,1892,1.2051,6289.0,4011.0,55.0,1.0,0.0,0.0,0.0,1.0,1.0,1.0,26,12,60,3.4249,1.9979,10.148,4.0,4.0,0.0
LOLTMNT05_186436,2026-04-24 10:32:53,1,Kiwoom DRX,Blue,0,1969,0.9751,-755.0,-712.0,-27.0,1.0,1.0,0.0,0.0,0.0,0.0,0.0,9,23,23,3.7481,1.7369,10.3606,3.0,3.0,0.0
LOLTMNT05_186436,2026-04-24 10:32:53,1,Hanwha Life Esports,Red,1,1969,0.9751,755.0,712.0,27.0,0.0,0.0,1.0,1.0,1.0,1.0,1.0,23,9,48,4.1138,1.9502,11.2748,1.0,1.0,0.0
LOLTMNT05_185414,2026-04-24 11:29:42,2,Hanwha Life Esports,Blue,1,1580,0.8734,851.0,951.0,85.0,1.0,0.0,1.0,1.0,1.0,1.0,1.0,14,9,36,3.4557,1.557,9.2658,0.0,0.0,0.0
LOLTMNT05_185414,2026-04-24 11:29:42,2,Kiwoom DRX,Red,0,1580,0.8734,-851.0,-951.0,-85.0,0.0,1.0,0.0,0.0,0.0,0.0,0.0,9,14,15,3.3797,1.1772,8.8861,1.0,1.0,0.0
LOLTMNT02_388457,2026-04-25 08:07:29,1,HANJIN BRION,Blue,0,2887,0.9352,44.0,910.0,19.0,1.0,0.0,1.0,1.0,0.0,1.0,0.0,25,20,30,4.0734,2.1198,11.7839,4.0,4.0,0.0
LOLTMNT02_388457,2026-04-25 08:07:29,1,T1,Red,1,2887,0.9352,-44.0,-910.0,-19.0,0.0,1.0,0.0,0.0,1.0,0.0,1.0,20,25,36,4.5514,1.912,12.2826,4.0,2.0,2.0
LOLTMNT02_388485,2026-04-25 09:20:29,2,T1,Blue,1,2632,0.8435,1577.0,-905.0,22.0,1.0,1.0,1.0,1.0,1.0,1.0,1.0,20,17,59,4.1717,2.2568,12.196,3.0,3.0,0.0
LOLTMNT02_388485,2026-04-25 09:20:29,2,HANJIN BRION,Red,0,2632,0.8435,-1577.0,905.0,-22.0,0.0,0.0,0.0,0.0,0.0,0.0,0.0,17,20,30,3.9438,1.7325,9.9164,3.0,3.0,0.0
LOLTMNT05_185498,2026-04-25 10:52:42,1,Dplus Kia,Blue,1,1672,0.7536,3828.0,2078.0,-2.0,1.0,0.0,1.0,1.0,1.0,1.0,1.0,15,6,33,3.9474,1.9378,11.0167,1.0,1.0,0.0
LOLTMNT05_185498,2026-04-25 10:52:42,1,DN SOOPers,Red,0,1672,0.7536,-3828.0,-2078.0,2.0,0.0,1.0,0.0,0.0,0.0,0.0,0.0,6,15,16,3.9474,1.7584,9.7967,3.0,3.0,0.0
LOLTMNT05_185506,2026-04-25 11:43:02,2,Dplus Kia,Blue,1,2024,0.8004,-211.0,121.0,13.0,1.0,0.0,0.0,1.0,1.0,1.0,1.0,17,10,41,3.498,1.8379,10.4644,3.0,3.0,0.0
LOLTMNT05_185506,2026-04-25 11:43:02,2,DN SOOPers,Red,0,2024,0.8004,211.0,-121.0,-13.0,0.0,1.0,1.0,0.0,0.0,0.0,0.0,10,17,15,3.7055,1.5119,9.2787,2.0,2.0,0.0
LOLTMNT02_390173,2026-04-26 08:06:17,1,BNK FEARX,Blue,0,1422,1.1814,-5555.0,-3951.0,-62.0,0.0,0.0,0.0,0.0,0.0,0.0,0.0,8,20,11,3.3755,1.0549,7.5527,0.0,0.0,0.0
LOLTMNT02_390173,2026-04-26 08:06:17,1,T1,Red,1,1422,1.1814,5555.0,3951.0,62.0,1.0,1.0,1.0,1.0,1.0,1.0,1.0,20,8,30,3.4599,1.4346,8.8186,3.0,3.0,0.0
LOLTMNT02_390189,2026-04-26 08:50:58,2,BNK FEARX,Blue,0,2247,1.3885,1291.0,3658.0,-19.0,0.0,0.0,1.0,1.0,1.0,1.0,1.0,27,25,59,4.0053,1.3885,9.9599,3.0,3.0,0.0
LOLTMNT02_390189,2026-04-26 08:50:58,2,T1,Red,1,2247,1.3885,-1291.0,-3658.0,19.0,1.0,1.0,0.0,0.0,0.0,0.0,0.0,25,27,54,4.1656,1.4953,10.3872,3.0,3.0,0.0
LOLTMNT05_185559,2026-04-26 10:15:14,1,Nongshim RedForce,Blue,0,1868,1.0278,-908.0,-330.0,11.0,0.0,0.0,0.0,0.0,1.0,1.0,1.0,7,25,7,2.955,1.4775,8.3512,1.0,1.0,0.0
LOLTMNT05_185559,2026-04-26 10:15:14,1,Gen.G,Red,1,1868,1.0278,908.0,330.0,-11.0,1.0,1.0,1.0,1.0,0.0,0.0,0.0,25,7,75,3.6938,1.5096,9.7002,3.0,3.0,0.0
LOLTMNT05_185563,2026-04-26 11:09:55,2,Nongshim RedForce,Blue,0,1573,0.8392,-3841.0,-1330.0,-53.0,0.0,0.0,1.0,0.0,0.0,0.0,0.0,5,17,12,2.7463,1.2206,7.0184,0.0,0.0,0.0
LOLTMNT05_185563,2026-04-26 11:09:55,2,Gen.G,Red,1,1573,0.8392,3841.0,1330.0,53.0,1.0,1.0,0.0,1.0,1.0,1.0,1.0,17,5,37,3.8907,1.6402,10.2606,4.0,4.0,0.0
LOLTMNT05_185757,2026-04-29 08:05:12,1,Nongshim RedForce,Blue,0,1789,1.0397,-2612.0,-1731.0,-25.0,1.0,0.0,0.0,0.0,0.0,0.0,0.0,7,24,15,2.9178,1.5092,8.6864,0.0,0.0,0.0
LOLTMNT05_185757,2026-04-29 08:05:12,1,T1,Red,1,1789,1.0397,2612.0,1731.0,25.0,0.0,1.0,1.0,1.0,1.0,1.0,1.0,24,7,49,4.0917,1.308,9.0553,4.0,4.0,0.0
LOLTMNT05_185758,2026-04-29 08:56:14,2,T1,Blue,1,1788,1.2081,2044.0,-211.0,-2.0,0.0,0.0,1.0,1.0,1.0,1.0,1.0,24,12,73,3.7584,1.2416,8.6913,2.0,2.0,0.0
LOLTMNT05_185758,2026-04-29 08:56:14,2,Nongshim RedForce,Red,0,1788,1.2081,-2044.0,211.0,2.0,1.0,1.0,0.0,0.0,0.0,0.0,0.0,12,24,19,3.0201,1.4765,9.3624,3.0,3.0,0.0
LOLTMNT05_185774,2026-04-29 10:15:19,1,KT Rolster,Blue,0,1750,1.2,-626.0,-2259.0,-4.0,1.0,0.0,1.0,0.0,0.0,0.0,0.0,12,23,24,3.7029,1.5086,9.12,0.0,0.0,0.0
LOLTMNT05_185774,2026-04-29 10:15:19,1,Hanwha Life Esports,Red,1,1750,1.2,626.0,2259.0,4.0,0.0,1.0,0.0,1.0,1.0,1.0,1.0,23,12,62,3.1543,1.92,11.0057,4.0,4.0,0.0
LOLTMNT05_185776,2026-04-29 11:07:22,2,Hanwha Life Esports,Blue,1,1878,0.8946,3026.0,594.0,6.0,1.0,1.0,1.0,1.0,1.0,1.0,1.0,20,8,50,3.6422,1.7252,9.8083,3.0,3.0,0.0
LOLTMNT05_185776,2026-04-29 11:07:22,2,KT Rolster,Red,0,1878,0.8946,-3026.0,-594.0,-6.0,0.0,0.0,0.0,0.0,0.0,0.0,0.0,8,20,21,3.5783,1.7252,10.1597,1.0,1.0,0.0
LOLTMNT02_394110,2026-04-30 08:06:44,1,Gen.G,Blue,1,1573,0.9536,3843.0,1551.0,30.0,0.0,1.0,1.0,0.0,1.0,1.0,1.0,20,5,37,3.1659,1.9835,10.2606,4.0,4.0,0.0
LOLTMNT02_394110,2026-04-30 08:06:44,1,Kiwoom DRX,Red,0,1573,0.9536,-3843.0,-1551.0,-30.0,1.0,0.0,0.0,0.0,0.0,0.0,0.0,5,20,9,3.0515,1.1825,7.9339,0.0,0.0,0.0
LOLTMNT02_395085,2026-04-30 08:55:13,2,Kiwoom DRX,Blue,1,1840,1.4022,3887.0,4718.0,0.0,1.0,1.0,0.0,0.0,1.0,1.0,1.0,27,16,57,3.8152,1.3043,10.0435,3.0,3.0,0.0
LOLTMNT02_395085,2026-04-30 08:55:13,2,Gen.G,Red,0,1840,1.4022,-3887.0,-4718.0,0.0,0.0,0.0,1.0,1.0,0.0,0.0,0.0,16,27,36,3.4891,1.6304,9.7826,1.0,1.0,0.0
LOLTMNT02_395093,2026-04-30 09:47:45,3,Kiwoom DRX,Blue,0,2272,0.6338,-794.0,-758.0,-47.0,1.0,0.0,0.0,0.0,0.0,0.0,0.0,11,13,38,3.3275,1.4525,9.243,3.0,3.0,0.0
LOLTMNT02_395093,2026-04-30 09:47:45,3,Gen.G,Red,1,2272,0.6338,794.0,758.0,47.0,0.0,1.0,1.0,1.0,1.0,1.0,1.0,13,11,40,3.5387,2.007,11.3292,3.0,3.0,0.0
LOLTMNT02_394154,2026-04-30 11:13:48,1,BNK FEARX,Blue,0,1924,0.8732,-463.0,476.0,13.0,0.0,1.0,1.0,0.0,1.0,1.0,0.0,10,18,23,3.4927,1.7464,9.2931,2.0,2.0,0.0
LOLTMNT02_394154,2026-04-30 11:13:48,1,Dplus Kia,Red,1,1924,0.8732,463.0,-476.0,-13.0,1.0,0.0,0.0,0.0,0.0,0.0,1.0,18,10,42,3.6798,1.5593,9.6674,2.0,2.0,0.0
LOLTMNT02_395149,2026-04-30 12:08:17,2,BNK FEARX,Blue,0,1694,0.7792,-155.0,50.0,-24.0,0.0,0.0,0.0,0.0,0.0,0.0,0.0,5,17,8,3.1169,1.2043,7.7568,0.0,0.0,0.0
LOLTMNT02_395149,2026-04-30 12:08:17,2,Dplus Kia,Red,1,1694,0.7792,155.0,-50.0,24.0,1.0,1.0,1.0,1.0,1.0,1.0,1.0,17,5,34,3.2586,1.771,10.6966,4.0,4.0,0.0
LOLTMNT02_395369,2026-05-01 08:06:11,1,HANJIN BRION,Blue,1,1853,0.4857,2234.0,706.0,7.0,1.0,1.0,1.0,1.0,1.0,1.0,1.0,13,2,32,3.0437,1.2952,9.034,3.0,3.0,0.0
LOLTMNT02_395369,2026-05-01 08:06:11,1,DN SOOPers,Red,0,1853,0.4857,-2234.0,-706.0,-7.0,0.0,0.0,0.0,0.0,0.0,0.0,0.0,2,13,6,2.8171,1.4895,8.5159,1.0,1.0,0.0
LOLTMNT02_394364,2026-05-01 08:58:55,2,HANJIN BRION,Blue,1,2139,0.8696,-678.0,51.0,-30.0,0.0,0.0,1.0,1.0,1.0,1.0,1.0,22,10,50,3.7868,2.1038,11.3043,3.0,3.0,0.0
LOLTMNT02_394364,2026-05-01 08:58:55,2,DN SOOPers,Red,0,2139,0.8696,678.0,-51.0,30.0,1.0,1.0,0.0,0.0,0.0,0.0,0.0,9,22,24,3.7027,1.5147,10.0421,2.0,2.0,0.0
LOLTMNT02_395396,2026-05-01 10:22:34,1,Hanwha Life Esports,Blue,1,2007,1.1061,-2095.0,-2371.0,-25.0,0.0,0.0,0.0,1.0,1.0,1.0,1.0,19,18,46,3.9462,1.704,11.0912,2.0,2.0,0.0
LOLTMNT02_395396,2026-05-01 10:22:34,1,T1,Red,0,2007,1.1061,2095.0,2371.0,25.0,1.0,1.0,0.0,0.0,0.0,0.0,0.0,18,19,35,4.2451,1.6143,10.6129,3.0,3.0,0.0
LOLTMNT02_395404,2026-05-01 11:19:40,2,Hanwha Life Esports,Blue,0,2088,0.7471,-197.0,662.0,17.0,1.0,0.0,1.0,1.0,1.0,1.0,1.0,8,18,16,3.9655,1.7816,10.0862,1.0,1.0,0.0
LOLTMNT02_395404,2026-05-01 11:19:40,2,T1,Red,1,2088,0.7471,197.0,-662.0,-17.0,0.0,1.0,0.0,0.0,0.0,0.0,0.0,18,8,52,4.3391,1.5805,10.2011,4.0,4.0,0.0
LOLTMNT02_395414,2026-05-01 12:17:37,3,T1,Blue,0,1806,0.9635,-3625.0,-3422.0,-76.0,0.0,0.0,0.0,0.0,0.0,0.0,0.0,10,19,21,4.3522,1.495,10.0997,0.0,0.0,0.0
LOLTMNT02_395414,2026-05-01 12:17:37,3,Hanwha Life Esports,Red,1,1806,0.9635,3625.0,3422.0,76.0,1.0,1.0,1.0,1.0,1.0,1.0,1.0,19,10,43,3.9535,2.1262,12.1927,4.0,4.0,0.0
LOLTMNT02_395585,2026-05-02 08:06:29,1,Dplus Kia,Blue,0,1635,0.5505,1157.0,-453.0,-13.0,0.0,0.0,1.0,0.0,0.0,1.0,0.0,4,11,7,3.5963,1.5413,9.3945,0.0,0.0,0.0
LOLTMNT02_395585,2026-05-02 08:06:29,1,Gen.G,Red,1,1635,0.5505,-1157.0,453.0,13.0,1.0,1.0,0.0,1.0,1.0,0.0,1.0,11,4,28,3.9633,1.9083,10.9358,3.0,3.0,0.0
LOLTMNT02_395589,2026-05-02 08:55:15,2,Gen.G,Blue,0,1888,0.6992,-1096.0,-1648.0,-34.0,0.0,0.0,0.0,0.0,0.0,0.0,0.0,8,14,17,3.6229,1.8114,10.8051,0.0,0.0,0.0
LOLTMNT02_395589,2026-05-02 08:55:15,2,Dplus Kia,Red,1,1888,0.6992,1096.0,1648.0,34.0,1.0,1.0,1.0,1.0,1.0,1.0,1.0,14,8,30,3.6547,1.7797,10.678,4.0,4.0,0.0
LOLTMNT02_394531,2026-05-02 09:50:07,3,Dplus Kia,Blue,0,1629,0.6998,-2552.0,-2637.0,-38.0,0.0,0.0,0.0,0.0,0.0,0.0,0.0,5,14,13,3.6096,1.3628,8.8398,0.0,0.0,0.0
LOLTMNT02_394531,2026-05-02 09:50:07,3,Gen.G,Red,1,1629,0.6998,2552.0,2637.0,38.0,1.0,1.0,1.0,1.0,1.0,1.0,1.0,14,5,33,3.4991,1.8416,9.9079,4.0,4.0,0.0
LOLTMNT02_394554,2026-05-02 11:03:54,1,Kiwoom DRX,Blue,1,1712,1.1215,-478.0,-1160.0,-6.0,1.0,1.0,1.0,1.0,1.0,1.0,1.0,25,7,66,3.4696,1.7523,10.3738,4.0,4.0,0.0
LOLTMNT02_394554,2026-05-02 11:03:54,1,Nongshim RedForce,Red,0,1712,1.1215,478.0,1160.0,6.0,0.0,0.0,0.0,0.0,0.0,0.0,0.0,7,25,13,3.2243,1.4369,8.4463,0.0,0.0,0.0
LOLTMNT02_395635,2026-05-02 11:52:31,2,Kiwoom DRX,Blue,1,2273,1.1351,-2.0,493.0,1.0,1.0,1.0,1.0,1.0,0.0,0.0,1.0,26,17,64,3.2468,1.7158,9.9252,4.0,4.0,0.0
LOLTMNT02_395635,2026-05-02 11:52:31,2,Nongshim RedForce,Red,0,2273,1.1351,2.0,-493.0,-1.0,0.0,0.0,0.0,0.0,1.0,1.0,0.0,17,26,42,3.7484,1.4254,9.2125,1.0,1.0,0.0
LOLTMNT02_395698,2026-05-03 08:05:43,1,KT Rolster,Blue,0,2446,0.9567,43.0,144.0,4.0,0.0,1.0,0.0,0.0,0.0,0.0,1.0,13,26,31,4.1946,2.4775,12.7555,1.0,1.0,0.0
LOLTMNT02_395698,2026-05-03 08:05:43,1,HANJIN BRION,Red,1,2446,0.9567,-43.0,-144.0,-4.0,1.0,0.0,1.0,1.0,1.0,1.0,0.0,26,13,56,5.0777,2.5511,14.2764,5.0,4.0,1.0
LOLTMNT02_395710,2026-05-03 09:08:53,2,HANJIN BRION,Blue,1,1853,0.8095,-427.0,528.0,26.0,1.0,0.0,1.0,1.0,1.0,0.0,0.0,18,7,46,3.8208,1.7809,10.7501,2.0,2.0,0.0
LOLTMNT02_395710,2026-05-03 09:08:53,2,KT Rolster,Red,0,1853,0.8095,427.0,-528.0,-26.0,0.0,1.0,0.0,0.0,0.0,1.0,1.0,7,18,16,3.8532,2.0399,10.7825,2.0,2.0,0.0
LOLTMNT02_395739,2026-05-03 10:24:27,1,BNK FEARX,Blue,1,1635,0.9174,-1210.0,-762.0,-2.0,1.0,0.0,0.0,1.0,1.0,1.0,1.0,18,7,41,3.3394,1.578,8.7706,2.0,2.0,0.0
LOLTMNT02_395739,2026-05-03 10:24:27,1,DN SOOPers,Red,0,1635,0.9174,1210.0,762.0,2.0,0.0,1.0,1.0,0.0,0.0,0.0,0.0,7,19,16,3.0092,1.3578,8.2569,1.0,1.0,0.0
LOLTMNT02_395741,2026-05-03 11:12:34,2,BNK FEARX,Blue,1,1802,1.0655,6178.0,3356.0,75.0,0.0,1.0,1.0,0.0,1.0,1.0,1.0,23,10,45,4.1287,1.4317,9.7891,3.0,3.0,0.0
LOLTMNT02_395741,2026-05-03 11:12:34,2,DN SOOPers,Red,0,1802,1.0655,-6178.0,-3356.0,-75.0,1.0,0.0,0.0,1.0,0.0,0.0,0.0,9,23,20,3.7292,1.6981,9.4229,1.0,1.0,0.0
LOLTMNT01_375534,2026-05-06 08:06:15,1,Nongshim RedForce,Blue,0,2536,1.112,-472.0,-756.0,-5.0,1.0,0.0,1.0,0.0,1.0,1.0,0.0,20,28,44,3.5252,1.6562,9.4164,2.0,2.0,0.0
LOLTMNT01_375534,2026-05-06 08:06:15,1,Gen.G,Red,1,2536,1.112,472.0,756.0,5.0,0.0,1.0,0.0,1.0,0.0,0.0,1.0,27,20,65,3.7382,2.011,11.0252,4.0,4.0,0.0
LOLTMNT01_375573,2026-05-06 09:11:56,2,Gen.G,Blue,1,2174,0.9384,1882.0,1330.0,13.0,1.0,1.0,1.0,1.0,0.0,1.0,1.0,26,8,64,3.6983,2.0699,11.012,3.0,3.0,0.0
LOLTMNT01_375573,2026-05-06 09:11:56,2,Nongshim RedForce,Red,0,2174,0.9384,-1882.0,-1330.0,-13.0,0.0,0.0,0.0,0.0,1.0,0.0,0.0,8,26,16,3.7259,1.4351,9.1628,2.0,2.0,0.0
LOLTMNT01_376550,2026-05-06 10:34:43,1,DN SOOPers,Blue,0,1590,1.0943,-1383.0,-1798.0,-13.0,0.0,0.0,0.0,0.0,0.0,0.0,0.0,7,22,12,3.2075,1.434,9.6604,0.0,0.0,0.0
LOLTMNT01_376550,2026-05-06 10:34:43,1,Hanwha Life Esports,Red,1,1590,1.0943,1383.0,1798.0,13.0,1.0,1.0,1.0,0.0,1.0,1.0,1.0,22,7,48,3.5849,1.8868,10.1887,4.0,4.0,0.0
LOLTMNT01_376585,2026-05-06 11:22:02,2,Hanwha Life Esports,Blue,1,2141,1.0649,780.0,645.0,-14.0,0.0,1.0,0.0,0.0,1.0,1.0,1.0,21,18,52,3.7833,1.9337,10.4531,3.0,3.0,0.0
LOLTMNT01_376585,2026-05-06 11:22:02,2,DN SOOPers,Red,0,2141,1.0649,-780.0,-645.0,14.0,1.0,0.0,1.0,1.0,0.0,0.0,0.0,17,21,45,3.419,1.4853,9.5002,2.0,2.0,0.0
LOLTMNT01_378089,2026-05-07 08:07:34,1,KT Rolster,Blue,1,1915,0.4073,-1028.0,-1715.0,-7.0,0.0,1.0,0.0,1.0,0.0,0.0,1.0,10,3,26,3.4465,1.7546,10.2454,3.0,3.0,0.0
LOLTMNT01_378089,2026-05-07 08:07:34,1,Dplus Kia,Red,0,1915,0.4073,1028.0,1715.0,7.0,1.0,0.0,1.0,0.0,1.0,1.0,0.0,3,10,8,3.3525,1.9112,10.2768,1.0,1.0,0.0
LOLTMNT01_378106,2026-05-07 09:01:55,2,KT Rolster,Blue,1,2454,0.6846,-4201.0,-3280.0,-79.0,0.0,1.0,0.0,0.0,0.0,0.0,0.0,15,13,39,4.1809,2.2005,10.5868,3.0,3.0,0.0
LOLTMNT01_378106,2026-05-07 09:01:55,2,Dplus Kia,Red,0,2454,0.6846,4201.0,3280.0,79.0,1.0,0.0,1.0,1.0,1.0,1.0,1.0,13,15,30,3.643,1.956,11.5159,3.0,3.0,0.0
LOLTMNT01_378144,2026-05-07 10:30:17,1,BNK FEARX,Blue,0,1760,0.8864,-2762.0,-1330.0,-20.0,0.0,0.0,0.0,0.0,0.0,0.0,0.0,6,20,16,3.8523,1.7045,10.0568,2.0,2.0,0.0
LOLTMNT01_378144,2026-05-07 10:30:17,1,HANJIN BRION,Red,1,1760,0.8864,2762.0,1330.0,20.0,1.0,1.0,1.0,1.0,1.0,1.0,1.0,20,6,48,3.9886,1.6364,10.5682,2.0,2.0,0.0
LOLTMNT01_378170,2026-05-07 11:22:31,2,HANJIN BRION,Blue,1,2071,0.985,267.0,-930.0,-6.0,1.0,1.0,0.0,1.0,1.0,0.0,0.0,19,15,48,3.5056,1.6224,9.3868,3.0,3.0,0.0
LOLTMNT01_378170,2026-05-07 11:22:31,2,BNK FEARX,Red,0,2071,0.985,-267.0,930.0,6.0,0.0,0.0,1.0,0.0,0.0,1.0,1.0,15,19,40,3.5925,1.7383,9.8503,2.0,2.0,0.0
LOLTMNT01_378734,2026-05-08 08:05:48,1,T1,Blue,1,1530,0.9804,1040.0,-66.0,-8.0,0.0,0.0,0.0,1.0,1.0,1.0,1.0,19,6,48,3.2549,1.451,9.9216,3.0,3.0,0.0
LOLTMNT01_378734,2026-05-08 08:05:48,1,DN SOOPers,Red,0,1530,0.9804,-1040.0,66.0,8.0,1.0,1.0,1.0,0.0,0.0,0.0,0.0,6,19,4,3.1765,1.1765,7.6863,1.0,1.0,0.0
LOLTMNT01_378764,2026-05-08 08:52:21,2,T1,Blue,1,1486,0.8883,6271.0,4525.0,73.0,1.0,1.0,1.0,0.0,1.0,1.0,1.0,18,4,46,3.7147,1.2113,9.6501,4.0,4.0,0.0
LOLTMNT01_378764,2026-05-08 08:52:21,2,DN SOOPers,Red,0,1486,0.8883,-6271.0,-4525.0,-73.0,0.0,0.0,0.0,0.0,0.0,0.0,0.0,4,18,9,3.0686,1.6958,8.3176,0.0,0.0,0.0
LOLTMNT01_378900,2026-05-08 10:40:52,1,Gen.G,Blue,1,1679,1.215,4431.0,4710.0,37.0,1.0,0.0,1.0,1.0,1.0,1.0,1.0,29,6,69,3.5378,1.1435,9.7201,3.0,3.0,0.0
LOLTMNT01_378900,2026-05-08 10:40:52,1,Kiwoom DRX,Red,0,1679,1.215,-4431.0,-4710.0,-37.0,0.0,1.0,0.0,0.0,0.0,0.0,0.0,5,29,12,2.7516,1.1435,7.9333,1.0,1.0,0.0
LOLTMNT01_377874,2026-05-08 11:32:42,2,Gen.G,Blue,1,1792,0.8705,1855.0,1627.0,33.0,1.0,0.0,1.0,1.0,1.0,1.0,1.0,19,7,46,3.3817,1.7076,9.6429,2.0,2.0,0.0
LOLTMNT01_377874,2026-05-08 11:32:42,2,Kiwoom DRX,Red,0,1792,0.8705,-1855.0,-1627.0,-33.0,0.0,1.0,0.0,0.0,0.0,0.0,0.0,7,19,19,2.8795,1.5067,8.2366,2.0,2.0,0.0
LOLTMNT01_380497,2026-05-09 08:06:41,1,KT Rolster,Blue,0,1854,0.6796,-1627.0,-2534.0,-2.0,0.0,0.0,0.0,0.0,0.0,0.0,0.0,5,16,13,3.9806,1.1327,8.6408,0.0,0.0,0.0
LOLTMNT01_380497,2026-05-09 08:06:41,1,BNK FEARX,Red,1,1854,0.6796,1627.0,2534.0,2.0,1.0,1.0,1.0,1.0,1.0,1.0,1.0,16,5,37,3.754,1.6505,10.9385,4.0,4.0,0.0
LOLTMNT01_380553,2026-05-09 08:59:58,2,KT Rolster,Blue,0,1733,0.9694,-2411.0,-3311.0,-35.0,1.0,0.0,0.0,0.0,0.0,0.0,0.0,8,20,17,3.9123,1.3849,10.0058,0.0,0.0,0.0
LOLTMNT01_380553,2026-05-09 08:59:58,2,BNK FEARX,Red,1,1733,0.9694,2411.0,3311.0,35.0,0.0,1.0,1.0,1.0,1.0,1.0,1.0,20,8,47,3.7392,2.1812,10.9406,4.0,4.0,0.0
LOLTMNT01_379647,2026-05-09 10:15:45,1,HANJIN BRION,Blue,1,2059,0.5537,1102.0,1952.0,28.0,1.0,0.0,1.0,1.0,0.0,1.0,1.0,13,7,30,3.8757,1.8358,11.3647,2.0,2.0,0.0
LOLTMNT01_379647,2026-05-09 10:15:45,1,Nongshim RedForce,Red,0,2059,0.5537,-1102.0,-1952.0,-28.0,0.0,1.0,0.0,0.0,1.0,0.0,0.0,6,13,16,3.8757,1.865,10.3157,3.0,3.0,0.0
LOLTMNT01_380657,2026-05-09 11:12:58,2,HANJIN BRION,Blue,1,1817,1.0237,20.0,979.0,42.0,0.0,0.0,1.0,1.0,0.0,1.0,1.0,18,13,35,3.9626,1.552,9.8074,1.0,1.0,0.0
LOLTMNT01_380657,2026-05-09 11:12:58,2,Nongshim RedForce,Red,0,1817,1.0237,-20.0,-979.0,-42.0,1.0,1.0,0.0,0.0,1.0,0.0,0.0,13,18,36,3.4673,1.6511,10.0385,3.0,3.0,0.0
LOLTMNT01_382057,2026-05-10 08:09:29,1,T1,Blue,1,1531,0.9014,712.0,-18.0,13.0,1.0,0.0,1.0,1.0,1.0,1.0,1.0,14,9,29,3.3703,1.4108,9.0529,2.0,2.0,0.0
LOLTMNT01_382057,2026-05-10 08:09:29,1,Dplus Kia,Red,0,1531,0.9014,-712.0,18.0,-13.0,0.0,1.0,0.0,0.0,0.0,0.0,0.0,9,14,18,3.096,1.4108,8.7394,1.0,1.0,0.0
LOLTMNT01_382071,2026-05-10 08:58:19,2,T1,Blue,1,2138,1.0384,-204.0,664.0,47.0,0.0,1.0,1.0,1.0,1.0,1.0,0.0,21,16,49,3.7325,1.6838,10.2152,4.0,4.0,0.0
LOLTMNT01_382071,2026-05-10 08:58:19,2,Dplus Kia,Red,0,2138,1.0384,204.0,-664.0,-47.0,1.0,0.0,0.0,0.0,0.0,0.0,1.0,16,21,38,3.6202,1.6838,10.0748,0.0,0.0,0.0
LOLTMNT01_382136,2026-05-10 10:31:52,1,Kiwoom DRX,Blue,1,1568,1.3776,-724.0,-1655.0,-3.0,1.0,1.0,1.0,0.0,0.0,1.0,1.0,24,12,67,3.2143,1.6071,9.6811,4.0,4.0,0.0
LOLTMNT01_382136,2026-05-10 10:31:52,1,Hanwha Life Esports,Red,0,1568,1.3776,724.0,1655.0,3.0,0.0,0.0,0.0,0.0,1.0,0.0,0.0,12,24,28,3.5587,1.6071,9.8342,0.0,0.0,0.0
LOLTMNT01_382172,2026-05-10 11:20:52,2,Kiwoom DRX,Blue,0,1483,1.3756,-4700.0,-5101.0,-69.0,1.0,0.0,0.0,0.0,0.0,0.0,0.0,8,26,14,2.9939,0.8092,7.0398,0.0,0.0,0.0
LOLTMNT01_382172,2026-05-10 11:20:52,2,Hanwha Life Esports,Red,1,1483,1.3756,4700.0,5101.0,69.0,0.0,1.0,1.0,1.0,1.0,1.0,1.0,26,8,48,3.0344,1.1733,8.6986,3.0,3.0,0.0
LOLTMNT01_382190,2026-05-10 12:06:37,3,Hanwha Life Esports,Blue,1,1532,1.4883,1521.0,-316.0,30.0,1.0,0.0,1.0,0.0,1.0,1.0,1.0,21,17,39,2.8198,1.2924,8.0679,3.0,3.0,0.0
LOLTMNT01_382190,2026-05-10 12:06:37,3,Kiwoom DRX,Red,0,1532,1.4883,-1521.0,316.0,-30.0,0.0,1.0,0.0,0.0,0.0,0.0,0.0,17,21,28,3.0548,0.9791,8.107,1.0,1.0,0.0
LOLTMNT01_384714,2026-05-13 08:06:21,1,T1,Blue,1,1450,1.1586,2468.0,2400.0,52.0,1.0,0.0,1.0,1.0,1.0,1.0,1.0,22,6,43,3.1448,1.4483,8.9379,2.0,2.0,0.0
LOLTMNT01_384714,2026-05-13 08:06:21,1,Nongshim RedForce,Red,0,1450,1.1586,-2468.0,-2400.0,-52.0,0.0,1.0,0.0,0.0,0.0,0.0,0.0,6,22,11,3.269,1.3655,8.1931,1.0,1.0,0.0
LOLTMNT01_383765,2026-05-13 08:53:32,2,Nongshim RedForce,Blue,0,1876,1.1834,-1102.0,-2597.0,-33.0,1.0,0.0,1.0,0.0,0.0,1.0,0.0,17,20,38,3.4542,1.2473,8.9872,2.0,2.0,0.0
LOLTMNT01_383765,2026-05-13 08:53:32,2,T1,Red,1,1876,1.1834,1102.0,2597.0,33.0,0.0,1.0,0.0,1.0,1.0,0.0,1.0,20,17,30,3.5181,1.3753,9.0832,2.0,2.0,0.0
LOLTMNT01_384771,2026-05-13 10:12:11,1,Dplus Kia,Blue,1,1548,0.8915,5504.0,3008.0,60.0,0.0,1.0,1.0,1.0,1.0,1.0,1.0,18,5,29,3.1008,1.5116,9.4961,3.0,3.0,0.0
LOLTMNT01_384771,2026-05-13 10:12:11,1,DN SOOPers,Red,0,1548,0.8915,-5504.0,-3008.0,-60.0,1.0,0.0,0.0,0.0,0.0,0.0,0.0,5,18,11,3.0233,1.3178,7.9457,0.0,0.0,0.0
LOLTMNT01_383870,2026-05-13 11:00:26,2,Dplus Kia,Blue,1,1575,0.4952,1901.0,2274.0,76.0,0.0,1.0,1.0,1.0,1.0,1.0,1.0,9,4,20,3.7714,1.8286,10.8571,2.0,2.0,0.0
LOLTMNT01_383870,2026-05-13 11:00:26,2,DN SOOPers,Red,0,1575,0.4952,-1901.0,-2274.0,-76.0,1.0,0.0,0.0,0.0,0.0,0.0,0.0,4,9,6,2.9333,1.3333,7.619,0.0,0.0,0.0
LOLTMNT01_387134,2026-05-14 08:07:03,1,BNK FEARX,Blue,0,1908,0.7233,740.0,537.0,-4.0,1.0,0.0,0.0,0.0,1.0,0.0,1.0,6,17,14,3.0189,1.6038,9.1195,1.0,1.0,0.0
LOLTMNT01_387134,2026-05-14 08:07:03,1,Gen.G,Red,1,1908,0.7233,-740.0,-537.0,4.0,0.0,1.0,1.0,1.0,0.0,1.0,0.0,17,6,54,4.0881,1.4465,9.8742,4.0,4.0,0.0
LOLTMNT01_388121,2026-05-14 09:00:54,2,BNK FEARX,Blue,0,1771,0.9486,-1257.0,-760.0,-12.0,0.0,0.0,1.0,0.0,1.0,1.0,0.0,8,20,17,3.2185,1.6601,8.7408,0.0,0.0,0.0
LOLTMNT01_388121,2026-05-14 09:00:54,2,Gen.G,Red,1,1771,0.9486,1257.0,760.0,12.0,1.0,1.0,0.0,1.0,0.0,0.0,1.0,20,8,39,3.9977,1.5584,9.7233,4.0,4.0,0.0
LOLTMNT01_387204,2026-05-14 10:15:56,1,Kiwoom DRX,Blue,0,1446,1.0788,-4739.0,-3349.0,-57.0,0.0,0.0,0.0,0.0,0.0,0.0,0.0,3,23,7,2.6556,1.1618,7.4274,1.0,1.0,0.0
LOLTMNT01_387204,2026-05-14 10:15:56,1,KT Rolster,Red,1,1446,1.0788,4739.0,3349.0,57.0,1.0,1.0,1.0,1.0,1.0,1.0,1.0,23,3,51,3.278,1.2033,8.9212,2.0,2.0,0.0
LOLTMNT01_387218,2026-05-14 11:00:58,2,KT Rolster,Blue,0,1880,1.0532,-2252.0,-3286.0,-44.0,0.0,0.0,0.0,0.0,0.0,0.0,0.0,11,22,29,3.383,1.4681,9.0319,0.0,0.0,0.0
LOLTMNT01_387218,2026-05-14 11:00:58,2,Kiwoom DRX,Red,1,1880,1.0532,2252.0,3286.0,44.0,1.0,1.0,1.0,1.0,1.0,1.0,1.0,22,11,38,3.383,1.9468,10.5319,4.0,4.0,0.0
LOLTMNT01_388206,2026-05-14 11:54:30,3,Kiwoom DRX,Blue,0,2067,1.103,246.0,-405.0,29.0,0.0,0.0,1.0,1.0,0.0,1.0,0.0,16,22,35,3.0189,1.5675,8.6502,0.0,0.0,0.0
LOLTMNT01_388206,2026-05-14 11:54:30,3,KT Rolster,Red,1,2067,1.103,-246.0,405.0,-29.0,1.0,1.0,0.0,0.0,1.0,0.0,1.0,22,16,52,3.6284,1.3933,9.2308,4.0,4.0,0.0
LOLTMNT01_388455,2026-05-15 08:07:51,1,Hanwha Life Esports,Blue,1,2255,1.0643,382.0,970.0,23.0,1.0,0.0,1.0,1.0,0.0,0.0,0.0,23,17,48,3.8847,1.7827,9.6851,2.0,2.0,0.0
LOLTMNT01_388455,2026-05-15 08:07:51,1,Dplus Kia,Red,0,2255,1.0643,-382.0,-970.0,-23.0,0.0,1.0,0.0,0.0,1.0,1.0,1.0,17,23,37,4.204,1.7827,10.6962,3.0,3.0,0.0
LOLTMNT01_387607,2026-05-15 09:08:46,2,Hanwha Life Esports,Blue,1,1510,0.9139,-1531.0,-423.0,35.0,1.0,0.0,0.0,1.0,0.0,1.0,1.0,15,8,31,3.3377,1.1523,8.3841,2.0,2.0,0.0
LOLTMNT01_387607,2026-05-15 09:08:46,2,Dplus Kia,Red,0,1510,0.9139,1531.0,423.0,-35.0,0.0,1.0,1.0,0.0,1.0,0.0,0.0,8,15,15,3.2185,1.351,8.4636,1.0,1.0,0.0
LOLTMNT01_388537,2026-05-15 10:22:39,1,HANJIN BRION,Blue,1,1631,1.0668,4309.0,3120.0,33.0,1.0,1.0,1.0,1.0,1.0,1.0,1.0,24,5,60,4.0466,1.3979,9.8222,4.0,4.0,0.0
LOLTMNT01_388537,2026-05-15 10:22:39,1,DN SOOPers,Red,0,1631,1.0668,-4309.0,-3120.0,-33.0,0.0,0.0,0.0,0.0,0.0,0.0,0.0,5,24,14,3.3844,1.4715,8.6082,0.0,0.0,0.0
LOLTMNT01_387661,2026-05-15 11:12:17,2,DN SOOPers,Blue,0,1564,0.844,-1707.0,-960.0,16.0,1.0,0.0,1.0,0.0,0.0,0.0,0.0,4,18,6,3.1458,1.0358,7.8645,0.0,0.0,0.0
LOLTMNT01_387661,2026-05-15 11:12:17,2,HANJIN BRION,Red,1,1564,0.844,1707.0,960.0,-16.0,0.0,1.0,0.0,1.0,1.0,1.0,1.0,18,4,40,3.5294,1.6496,9.821,4.0,4.0,0.0
LOLTMNT01_387874,2026-05-16 08:05:55,1,Gen.G,Blue,1,1634,1.2118,1514.0,2594.0,42.0,0.0,1.0,1.0,1.0,1.0,1.0,1.0,24,9,49,3.929,1.6891,10.355,3.0,3.0,0.0
LOLTMNT01_387874,2026-05-16 08:05:55,1,T1,Red,0,1634,1.2118,-1514.0,-2594.0,-42.0,1.0,0.0,0.0,0.0,0.0,0.0,0.0,9,24,24,3.2313,1.4688,8.519,1.0,1.0,0.0
LOLTMNT01_387878,2026-05-16 08:57:28,2,T1,Blue,1,3018,0.9543,1114.0,162.0,-24.0,1.0,0.0,1.0,0.0,0.0,1.0,1.0,22,26,55,4.334,1.5905,10.4175,4.0,3.0,1.0
LOLTMNT01_387878,2026-05-16 08:57:28,2,Gen.G,Red,0,3018,0.9543,-1114.0,-162.0,24.0,0.0,1.0,0.0,1.0,1.0,0.0,0.0,26,22,64,3.9761,2.0875,11.7495,4.0,4.0,0.0
LOLTMNT01_387885,2026-05-16 10:10:31,3,T1,Blue,1,2008,1.3745,3934.0,2659.0,43.0,1.0,1.0,1.0,0.0,1.0,1.0,1.0,32,14,60,4.243,1.9721,10.9064,5.0,4.0,1.0
LOLTMNT01_387885,2026-05-16 10:10:31,3,Gen.G,Red,0,2008,1.3745,-3934.0,-2659.0,-43.0,0.0,0.0,0.0,1.0,0.0,0.0,0.0,14,32,38,4.4821,1.5239,10.3088,0.0,0.0,0.0
LOLTMNT01_387927,2026-05-16 11:30:05,1,BNK FEARX,Blue,1,1935,1.0543,-2689.0,-1869.0,-26.0,0.0,0.0,0.0,0.0,0.0,0.0,0.0,23,11,65,3.3798,1.5814,9.5194,2.0,2.0,0.0
LOLTMNT01_387927,2026-05-16 11:30:05,1,Nongshim RedForce,Red,0,1935,1.0543,2689.0,1869.0,26.0,1.0,1.0,1.0,0.0,1.0,1.0,1.0,11,23,21,3.0078,1.2403,7.845,1.0,1.0,0.0
LOLTMNT01_387933,2026-05-16 12:25:03,2,BNK FEARX,Blue,1,2296,0.6794,-2319.0,-1835.0,14.0,0.0,0.0,1.0,1.0,1.0,1.0,1.0,14,12,35,3.6847,1.7509,10.0348,3.0,3.0,0.0
LOLTMNT01_387933,2026-05-16 12:25:03,2,Nongshim RedForce,Red,0,2296,0.6794,2319.0,1835.0,-14.0,1.0,1.0,0.0,0.0,0.0,0.0,0.0,12,14,18,3.3972,1.8554,9.4599,3.0,3.0,0.0
LOLTMNT01_390036,2026-05-17 08:05:58,1,KT Rolster,Blue,1,1801,1.266,1523.0,122.0,5.0,1.0,1.0,1.0,1.0,1.0,1.0,1.0,23,16,61,3.3648,1.6657,9.3282,2.0,2.0,0.0
LOLTMNT01_390036,2026-05-17 08:05:58,1,Hanwha Life Esports,Red,0,1801,1.266,-1523.0,-122.0,-5.0,0.0,0.0,0.0,0.0,0.0,0.0,0.0,15,23,38,3.6646,1.799,9.6946,2.0,2.0,0.0
LOLTMNT01_390048,2026-05-17 08:58:43,2,KT Rolster,Blue,0,1589,1.1328,-3369.0,-2764.0,-71.0,1.0,1.0,0.0,0.0,0.0,0.0,0.0,7,23,16,3.5872,1.4726,8.4581,1.0,1.0,0.0
LOLTMNT01_390048,2026-05-17 08:58:43,2,Hanwha Life Esports,Red,1,1589,1.1328,3369.0,2764.0,71.0,0.0,0.0,1.0,1.0,1.0,1.0,1.0,23,7,52,3.776,1.888,10.4594,3.0,3.0,0.0
LOLTMNT01_390055,2026-05-17 09:48:07,3,KT Rolster,Blue,1,1774,0.8455,4433.0,3430.0,36.0,1.0,0.0,1.0,1.0,1.0,1.0,1.0,18,7,36,3.3822,1.4882,9.3348,3.0,3.0,0.0
LOLTMNT01_390055,2026-05-17 09:48:07,3,Hanwha Life Esports,Red,0,1774,0.8455,-4433.0,-3430.0,-36.0,0.0,1.0,0.0,0.0,0.0,0.0,0.0,7,18,15,3.0778,1.4543,8.5908,1.0,1.0,0.0
LOLTMNT01_389120,2026-05-17 11:06:33,1,HANJIN BRION,Blue,1,2514,0.9069,1469.0,649.0,0.0,1.0,1.0,0.0,1.0,0.0,0.0,0.0,22,16,59,3.9618,1.432,9.9761,4.0,4.0,0.0
LOLTMNT01_389120,2026-05-17 11:06:33,1,Kiwoom DRX,Red,0,2514,0.9069,-1469.0,-649.0,0.0,0.0,0.0,1.0,0.0,1.0,1.0,1.0,16,22,44,3.4368,1.7184,10.3819,2.0,2.0,0.0
LOLTMNT01_390098,2026-05-17 12:10:36,2,HANJIN BRION,Blue,0,1810,0.5635,6.0,-1688.0,-31.0,1.0,0.0,0.0,0.0,0.0,0.0,0.0,3,14,7,4.0442,1.1934,9.0829,0.0,0.0,0.0
LOLTMNT01_390098,2026-05-17 12:10:36,2,Kiwoom DRX,Red,1,1810,0.5635,-6.0,1688.0,31.0,0.0,1.0,1.0,1.0,1.0,1.0,1.0,14,3,41,3.2818,1.989,10.7403,4.0,4.0,0.0
LOLTMNT01_389127,2026-05-17 13:04:35,3,Kiwoom DRX,Blue,1,2188,0.9598,-835.0,183.0,-11.0,1.0,0.0,0.0,1.0,0.0,0.0,0.0,19,16,51,3.5101,1.6728,10.4479,4.0,4.0,0.0
LOLTMNT01_389127,2026-05-17 13:04:35,3,HANJIN BRION,Red,0,2188,0.9598,835.0,-183.0,11.0,0.0,1.0,1.0,0.0,1.0,1.0,1.0,16,19,34,4.1408,1.5356,10.8044,2.0,2.0,0.0
LOLTMNT02_406385,2026-05-20 08:05:29,1,T1,Blue,1,1696,1.0259,2869.0,2186.0,47.0,1.0,0.0,1.0,1.0,1.0,1.0,1.0,20,9,48,3.4316,1.4858,9.3042,2.0,2.0,0.0
LOLTMNT02_406385,2026-05-20 08:05:29,1,Kiwoom DRX,Red,0,1696,1.0259,-2869.0,-2186.0,-47.0,0.0,1.0,0.0,0.0,0.0,0.0,0.0,9,20,18,3.1132,1.2028,8.5613,2.0,2.0,0.0
LOLTMNT02_406405,2026-05-20 08:54:42,2,T1,Blue,0,1865,1.0938,-2780.0,-4011.0,-17.0,1.0,0.0,0.0,0.0,0.0,0.0,0.0,7,27,12,3.7641,1.319,8.429,0.0,0.0,0.0
LOLTMNT02_406405,2026-05-20 08:54:42,2,Kiwoom DRX,Red,1,1865,1.0938,2780.0,4011.0,17.0,0.0,1.0,1.0,1.0,1.0,1.0,1.0,27,7,59,3.9249,1.3512,9.3298,4.0,4.0,0.0
LOLTMNT02_405485,2026-05-20 09:47:16,3,Kiwoom DRX,Blue,0,1628,1.1425,-2690.0,-147.0,-33.0,0.0,1.0,0.0,0.0,0.0,0.0,0.0,6,25,11,3.2064,1.0319,9.2138,2.0,2.0,0.0
LOLTMNT02_405485,2026-05-20 09:47:16,3,T1,Red,1,1628,1.1425,2690.0,147.0,33.0,1.0,0.0,1.0,1.0,1.0,1.0,1.0,25,7,61,3.7961,1.1794,9.1769,1.0,1.0,0.0
LOLTMNT02_406455,2026-05-20 11:01:11,1,Nongshim RedForce,Blue,1,1432,1.0475,3555.0,3999.0,53.0,1.0,1.0,1.0,1.0,1.0,1.0,1.0,19,6,45,3.4777,1.0894,8.3799,2.0,2.0,0.0
LOLTMNT02_406455,2026-05-20 11:01:11,1,KT Rolster,Red,0,1432,1.0475,-3555.0,-3999.0,-53.0,0.0,0.0,0.0,0.0,0.0,0.0,0.0,6,19,16,2.9749,1.3408,7.7095,1.0,1.0,0.0
LOLTMNT02_406485,2026-05-20 11:45:01,2,KT Rolster,Blue,1,1834,0.9815,1617.0,104.0,10.0,0.0,1.0,1.0,1.0,1.0,1.0,1.0,21,9,54,3.6641,1.7993,10.5344,3.0,3.0,0.0
LOLTMNT02_406485,2026-05-20 11:45:01,2,Nongshim RedForce,Red,0,1834,0.9815,-1617.0,-104.0,-10.0,1.0,0.0,0.0,0.0,0.0,0.0,0.0,9,21,16,3.5987,1.5049,9.1276,2.0,2.0,0.0
LOLTMNT02_406517,2026-05-20 12:36:35,3,KT Rolster,Blue,1,2031,0.9749,3224.0,1118.0,-8.0,1.0,0.0,0.0,1.0,1.0,1.0,1.0,20,13,51,3.9586,1.8021,10.901,3.0,3.0,0.0
LOLTMNT02_406517,2026-05-20 12:36:35,3,Nongshim RedForce,Red,0,2031,0.9749,-3224.0,-1118.0,8.0,0.0,1.0,1.0,0.0,0.0,0.0,0.0,13,20,29,4.0473,1.9498,10.4579,2.0,2.0,0.0
LOLTMNT02_406958,2026-05-21 08:06:57,1,BNK FEARX,Blue,0,2177,1.2127,-127.0,-1114.0,-23.0,1.0,1.0,0.0,0.0,0.0,0.0,0.0,19,25,56,3.9412,1.819,10.4731,3.0,3.0,0.0
LOLTMNT02_406958,2026-05-21 08:06:57,1,Hanwha Life Esports,Red,1,2177,1.2127,127.0,1114.0,23.0,0.0,0.0,1.0,1.0,1.0,1.0,1.0,25,19,62,3.7207,2.1497,11.5756,3.0,3.0,0.0
LOLTMNT02_407057,2026-05-21 09:05:50,2,Hanwha Life Esports,Blue,1,1811,0.6957,-925.0,87.0,34.0,0.0,0.0,1.0,1.0,1.0,1.0,1.0,13,8,36,3.6444,1.4578,9.2104,2.0,2.0,0.0
LOLTMNT02_407057,2026-05-21 09:05:50,2,BNK FEARX,Red,0,1811,0.6957,925.0,-87.0,-34.0,1.0,1.0,0.0,0.0,0.0,0.0,0.0,8,13,15,3.3793,1.3252,8.1833,2.0,2.0,0.0
LOLTMNT02_408013,2026-05-21 10:22:05,1,Dplus Kia,Blue,1,2466,0.8029,871.0,1569.0,60.0,0.0,1.0,1.0,0.0,1.0,1.0,1.0,16,17,49,4.0146,2.0925,11.6788,3.0,3.0,0.0
LOLTMNT02_408013,2026-05-21 10:22:05,1,HANJIN BRION,Red,0,2466,0.8029,-871.0,-1569.0,-60.0,1.0,0.0,0.0,1.0,0.0,0.0,0.0,17,16,41,4.0146,1.5085,9.4161,3.0,3.0,0.0
LOLTMNT02_407136,2026-05-21 11:23:10,2,HANJIN BRION,Blue,1,2157,0.5007,3155.0,1965.0,45.0,1.0,1.0,0.0,0.0,1.0,1.0,1.0,12,6,28,3.8108,2.2531,11.1822,4.0,4.0,0.0
LOLTMNT02_407136,2026-05-21 11:23:10,2,Dplus Kia,Red,0,2157,0.5007,-3155.0,-1965.0,-45.0,0.0,0.0,1.0,1.0,0.0,0.0,0.0,6,12,16,4.2281,2.0584,11.1544,1.0,1.0,0.0
LOLTMNT02_407167,2026-05-21 12:22:49,3,HANJIN BRION,Blue,0,1808,0.6637,-95.0,-1041.0,-21.0,1.0,0.0,0.0,0.0,0.0,0.0,0.0,7,13,14,3.4845,1.6593,9.2588,0.0,0.0,0.0
LOLTMNT02_407167,2026-05-21 12:22:49,3,Dplus Kia,Red,1,1808,0.6637,95.0,1041.0,21.0,0.0,1.0,1.0,1.0,1.0,1.0,1.0,13,7,24,3.9491,1.5597,10.8518,4.0,4.0,0.0
LOLTMNT02_408582,2026-05-22 08:06:39,1,DN SOOPers,Blue,0,2015,0.6551,-507.0,-733.0,7.0,1.0,0.0,1.0,0.0,0.0,0.0,0.0,5,17,13,3.871,1.5782,10.5112,1.0,1.0,0.0
LOLTMNT02_408582,2026-05-22 08:06:39,1,Kiwoom DRX,Red,1,2015,0.6551,507.0,733.0,-7.0,0.0,1.0,0.0,1.0,1.0,1.0,1.0,17,5,36,3.4839,2.0546,11.2854,4.0,4.0,0.0
LOLTMNT02_407674,2026-05-22 09:04:35,2,Kiwoom DRX,Blue,1,1699,0.9888,2232.0,983.0,30.0,1.0,1.0,1.0,1.0,1.0,1.0,1.0,22,6,57,3.6374,1.8364,11.2301,3.0,3.0,0.0
LOLTMNT02_407674,2026-05-22 09:04:35,2,DN SOOPers,Red,0,1699,0.9888,-2232.0,-983.0,-30.0,0.0,0.0,0.0,0.0,0.0,0.0,0.0,6,22,16,4.1318,1.236,8.8994,1.0,1.0,0.0
LOLTMNT02_407714,2026-05-22 10:20:35,1,KT Rolster,Blue,0,1672,0.61,-2994.0,-2547.0,-43.0,0.0,0.0,0.0,0.0,1.0,0.0,0.0,0,17,0,3.6603,1.3636,8.3612,0.0,0.0,0.0
LOLTMNT02_407714,2026-05-22 10:20:35,1,Gen.G,Red,1,1672,0.61,2994.0,2547.0,43.0,1.0,1.0,1.0,1.0,0.0,1.0,1.0,17,0,48,3.9833,2.1531,11.8062,4.0,4.0,0.0
LOLTMNT02_407744,2026-05-22 11:11:42,2,KT Rolster,Blue,0,1989,0.8446,3828.0,2572.0,12.0,0.0,1.0,1.0,1.0,1.0,1.0,1.0,14,14,26,3.9216,1.6893,9.9548,3.0,3.0,0.0
LOLTMNT02_407744,2026-05-22 11:11:42,2,Gen.G,Red,1,1989,0.8446,-3828.0,-2572.0,-12.0,1.0,0.0,0.0,0.0,0.0,0.0,0.0,14,14,37,3.8612,1.7798,9.8643,2.0,2.0,0.0
